PRS_NAT,libelle,detail
0,SANS OBJET,
1039,TELECONSULTATION PEDIATRE 2-6 ANS,TCK
1040,TELECONSULTATION PEDIATRE 0-2 ANS,TCH
1041,CONSULT. PSYCHIATRE NEUROLOGUE,CP
1042,CONSULTATION PEDIATRE 0-2 ANS,CEH
1043,CONSULTATION PEDIATRE 2-6 ANS,CEK
1044,CONSULTATION PEDIATRE 6 ANS ET +,CEG
1045,EXAM PARENTAL GROSSESSE CO-PARENT,EPG
1046,TELECONSULTATION SPECIALISTE,TCS
1047,CONSULTATION PSYCHIATRE RAPIDE SUITE ORIENTATION SAS OU MTT,MCY
1048,CONSULTATION INIT MT ALD,IMT
1049,SUPPL. PEDIATRIQUE URGENCE 2,PE2
1050,FORFAIT CONSULTATION URGENCE 0,FU0
1051,SUPPL. PEDIATRIQUE URGENCE 1,PE1
1052,REMU BIOSIMILAIRE,BIO
1053,FORFAIT VSM,VSA
1054,BILAN MRTC,BTC
1055,SUIVI MRTC,STC
1056,TELECONSULTATION GENERALISTE IVG,JC
1057,TELECONSULTATION SPECIALISTE IVG,JCS
1058,EXAMEN OBLIGATOIRE ENFANT COJ,COJ
1059,EXAMEN OBLIGATOIRE ENFANT COK,COK
1060,MAJORATION GYNECO MEDICALE,MGM
1061,MAJORATION PSY ENFANT,MP
1062,CDE CONGE PARENTAL,RDC
1063,CDE CONGE MALADIE,RDB
1064,CDE GARANTIE REVENU 1ERE ANNEE,RDA
1065,FORFAIT EFFECTEUR SAS,PDE
1066,FORFAIT REGULATEUR SAS,PDR
1067,SUPPLEMENT URGENCE CCMU 3,SU3
1068,SUPP. AVIS DE SPECIALISTE,SAS
1069,SUPP. IMAGERIE EN COUPE,SIC
1070,BIO MEDICALE CLASSE AGE 2,SB2
1071,BIO MEDICALE CLASSE AGE 3,SB3
1072,SUPP. NUIT MEDECIN URGENTISTE,SUN
1073,SUPP DIMANCHE/FERIE -URGENTISTE,SUF
1074,SUPP NUIT SPE/BIO/IMAGERIE,SSN
1075,SUP DIMANCHE/FERIE SPE/BIO/IMAGE,SSF
1076,CODE TRACEUR SAS,SNP
1077,SUPPLEMENT URGENCE CCMU 2,SU2
1078,SUPPLEMENT URGENCE BIOLOGIE,SUB
1079,SUPPLEMENT URGENCE IMAGERIE,SIM
1080,SUPPLEMENT URGENCE MODE ARRIVEE,SUM
1081,FORFAIT CONSULTATION URGENCE 1,FU1
1082,FORFAIT CONSULTATION URGENCE 2,FU2
1083,FORFAIT CONSULTATION URGENCE 3,FU3
1084,FORFAIT CONSULTATION URGENCE 4,FU4
1085,CONSULTATION PROTOCOLE COOPERATIF,GCO
1086,TELESOINS SF,TFS
1087,AIDE ASSISTANT MEDICAL  COMPLEMENT,R7P
1088,AIDE ASSISTANT MEDICAL,P7P
1089,EXAMEN OBLIGATOIRE ENFANT COM,COM
1090,EXAMEN OBLIGATOIRE ENFANT COH,COH
1091,EXAMEN OBLIGATOIRE ENFANT COD,COD
1092,EXAMEN OBLIGATOIRE ENFANT COG,COG
1093,EXAMEN OBLIGATOIRE ENFANT COB,COB
1094,EXAMEN OBLIGATOIRE ENFANT COA,COA
1095,MAJORATION SPECIFIQUE MOINS DE 16 ANS MAYOTTE,MTJ
1096,TELECONSULTATION MEDECIN TRAITANT AVEC EHPAD,TTE
1097,TELE EXPERTISE DOSSIER TRAITANT,TDT
1098,CONSULTATION CCMU 3,U03
1099,CONSULTATION CCMU 4 ET 5,U45
1100,PROTOCOLE MURAINE - BILAN VISUEL,RNM
1101,AVIS PONCTUEL DE CONSULTANT PUPH,APU
1102,AVIS PONCTUEL DE CONSULTANT PSYCHIATRE,APY
1103,AVIS PONCTUEL DE CONSULTANT,APC
1104,CONSULTATION OBLIGATOIRE ENFANT,COE
1105,CONSULTATION COMPLEXE,CCX
1106,MAJORATION CONSULTATION COMPLEXE,MCX
1107,CONSULTATION TRES COMPLEXE ENFANT,CCE
1108,MAJORATION CONSULTATION TRES COMPLEXE,MTX
1109,CONSULTATION SPECIALISTE MEDECINE GENERALE,GS
1110,CONSULTATION MEDECINE GENERALE,G
1111,CONSULTATION COTEE C,C
1112,CONSULTATION COTEE CS,CS
1113,CONSULTATION COTEE CNP,CNP
1114,CONSULTATION SPECIFIQUE CARDIOLOGIE,CSC
1115,CONSULTATION BILAN,CA
1116,MAJORATION FORFAITAIRE TRANSITOIRE,MPC
1117,CONSULTATION DES SPECIALISTES COTEE C2,
1118,"CONSULTATION DES PSYCHIATRES COTEE C2,5",
1119,MAJORATION TRANSITOIRE SPECIFIQUE,MTS
1120,COMPLEMENT CONSULTATION SPECIALISTE,CCS
1121,HONORAIRE DE SURVEILLANCE,HS
1122,EXAMEN SPECIAL (PROTOCOLE),EXS
1123,SUITE D  EXAMEN DE SANTE,SES
1124,REMUNERATION MEDECIN TRAITANT PAR PATIENT  EN ALD,RMT
1125,MAJORATION DE COORDINATION DES GENERALISTES,MCG
1126,MAJORATION DE COORDINATION SPECIALISTES,MCS
1127,MAJORATION DE COORDINATION CARDIOLOGUES,MCC
1128,DIFFERENTIEL REFERENT TRAITANT,DRT
1129,MAJORATION FORFAITAIRE TRANSITOIRE (POUR LES MOINS DE 16 ANS),MPJ
1130,FORFAIT MEDECIN TRAITANT,FMT
1131,MAJORATION CONSULTATION APPAREILLAGE,MTA
1132,MAJORATION CONSULTATION ENDOCRINO,MCE
1133,MAJORATION GENERALISTE ENFANT,MGE
1134,MAJORATION PREMIERE CONSULTATION FAMILLE,MPF
1135,MAJORATION CONSULTATION ANNUELLE FAMILLE,MAF
1136,MAJORATION ANNUELLE DE SYNTHESE,MAS
1137,MAJORATION NOURRISSON,MBB
1138,REMUNERATION ADDITIONNELLE CAPI,RAA
1139,REMUNERATION DES ADHERENTS AU  CAPI,RAC
1140,CONSULTATION SPECIFIQUE DE DEPISTAGE,CDE
1141,MAJORATION PEDIATRE ENFANT,MPE
1142,REMUNERATION ADHESION SOPHIA (SOINS DE VILLE),RSO
1143,REMUNERATION RENOUVELLEMENT SOPHIA (SOINS DE VILLE),RSR
1144,REMUNERATION FORFAITAIRE POUR LE SUIVI DES PATIENTS EN POST ALD,RST
1145,REMUNERATION OBJECTIF MEDECIN ET CENTRES DE SANTE,P4P
1146,REMUNERATION OBJECTIF MEDECIN COMPLEMENT ET CENTRES DE SANTE,R4P
1147,CONTESTATION FORFAIT MEDECIN TRAITANT,CFM
1148,REMUNERATION FORFAITAIRE PAR CONSULTATION POUR LE SUIVI DES PERSONNES AGEES,MPA
1149,CONTESTATION REMUNERATION SUIVI PERSONNES AGEES,CPA
1150,REMUNERATION PRATICIENS TERRITORIAUX DE MEDECINE GENERALE,RPT
1152,MAJORATION SUIVI DES ENFANTS GRANDS PREMATURES OU ATTEINTS DE PATHOLOGIE CONGENITALE GRAVE,MPP
1153,MAJORATION CONSULTATION POUR INSUFFISANT CARDIAQUE APRES HOSPITALISATION,MIC
1154,MAJORATION CONSULTATION SUIVI APRES HOSPITALISATION PATIENTS A FORTE COMORBIDITE,MSH
1155,REMU CAS COTISATIONS SOCIALES,COT
1156,CONT. CAS COT.SOC.,CCO
1157,Acte de téléconsultation,TCP
1158,Acte de télé expertise,TEP
1159,renouvellement d'optique,RNO
1160,TRACAGE COVID,IAS
1161,COMPENSATION DE LA PERTE D'ACTIVITE DES PS,CPS
1162,REMUNERATION DES PRATICIENS TERRITORIAUX DE MEDECINE AMBULATOIRE,RCM
1163,REMUNERATION DEPISTAGE DU CANCER COLORECTAL,KIT
1164,TÉLÉ CONSULTATION - ALD ET / OU EHPAD,TLC
1165,TÉLÉ EXPERTISE - ALD ET/OU EHPAD,TLE
1166,FORFAIT COMPLÉMENTAIRE TÉLÉ EXPERTISE,TEC
1167,VERSEMENT DE PENALITE DE RETARD AMO,NRD
1168,CONSULTATION PREVENTION SANTE SEXUELLE,CCP
1169,REMUNERATION POUR CERTIFICAT DE DECES,RCD
1170,PEC EXCEPTIONNELLE DÉPASSEMENT HONORAIRE,DHE
1171,RÉMUNÉRATION MÉDECIN TRAITANT CENTRES DE SANTÉ,CSR
1172,TELESURVEILLANCE : PS EFFECTUANT L'ACCOMPAGNEMENT,TSA
1173,FORFAIT PATIENTELE MEDECIN TRAITANT,MTF
1174,TELESURVEILLANCE : MEDECIN TELESURVEILLANT,TSM
1175,PEC EXCEPTIONNELLE DEPASSEMENT HONORAIRE TP,DHT
1176,CONTRAT INDIVIDUEL EMBAUCHE - AVANCE,COI
1177,AIDE FINANCIERE MATERNITE PATERNITE ADOPTION,AFC
1178,FORFAIT STRUCT. MEDECIN,P6P
1179,FORFAIT STRUCT. MEDECIN COMPLEMENT,R6P
1180,ROSP MT ENFANT,P5P
1181,ROSP MT ENFANT COMPLEMENT,R5P
1182,REMUNERATION OPTAM,PTM
1183,CONTESTATION OPTAM,CTM
1184,CONTRAT INDIVIDUEL EMBAUCHE - SOLDE,COS
1185,MURAINE - PAIEMENT DU BONUS ANNUEL,RNB
1186,CONTRAT INDIVIDUEL EMBAUCHE   OBJECTIFS COMPLEMENTAIRES,COC
1187,CONTRAT COLLECTIF   AIDE INVESTISSEMENT,CCI
1188,CONTRAT COLLECTIF   ATTEINTE DES OBJECTIFS,CCA
1189,CONTRAT DE FORMATION,COF
1190,TELESURVEILLANCE : PRIME VARIABLE,TSP
1191,TELECONSULTATION TOUTES SPECIALITES,TC
1192,TELECONSULTATION GENERALISTE,TCG
1193,TELE EXPERTISE DE NIVEAU 1,TE1
1194,TELE EXPERTISE DE NIVEAU 2,TE2
1195,FOND INNOVATION - PAIEMENT,A51
1196,FORFAIT INNOVATION SYSTEME DE SANTE,FIS
1197,FORFAIT REQUERANT,RQT
1198,FORFAIT REQUERANT COMPLEMENTAIRE,CRT
1199,DEMANDE TELEEXPERTISE,RQD
1201,TELESURVEILLANCE 1,TVA
1202,TELESURVEILLANCE 2,TVB
1203,RDV PREVENTION MEDECIN SAGE-FEMME,RDV
1209,VISITE SPECIALISTE MEDECINE GENERALE,VGS
1210,VISITE MEDECINE GENERALE,VG
1211,VISITE COTEE V,V
1212,VISITE COTEE VS,VS
1213,VISITE COTEE VNP,VNP
1214,VISITE LONGUE ET COMPLEXE,VL
1215,AVIS PONCTUEL DE CONSULTANT MEDECIN (VISITE),APV
1216,AVIS PONCTUEL DE CONSULTANT PSYCHIATRE (VISITE),AVY
1218,VISITE SOINS PALLIATIFS,VSP
1221,VISITE D  URGENCE,VA
1222,VISITE URGENCE VU/MU,VU
1224,MD (CRITERES MEDICAUX),MD
1225,MDE ( CRITERES ENVIRONNEMENTAUX),MDE
1226,MD DE NUIT,MDN
1227,MD  DE MILIEU NUIT,MDI
1228,MD  DE DIMANCHE ET JOUR FERIES,MDD
1311,ACTES EN K CHIRURGICAL,KC
1312,ACTES DE SPECIALITE EN K,K
1313,ACTES EN K D  URGENCE,KA
1314,FORFAIT CHIRURGIE 1,KFA
1315,FORFAIT CHIRURGIE 2,KFB
1316,ACTES DE DIAGNOSTIC COTES KE,KE
1317,ACTES EN KCC: ACTES SPECIFIQUES DES CHIRURGIENS,KCC
1318,ACTE DE PHONIATRIE PAR MEDECIN,KMO
1319,MAJORATION FORFAIT ACCOUCHEMENT,KFC
1320,"FORFAIT RADIOGRAPHIE,ECHOGRAPHIE",KFD
1321,ACTE DE CHIRURGIE CCAM,ADC
1322,ACTE D'OBSTETRIQUE CCAM,ACO
1323,ACTE D'ANESTHESIE CCAM,ADA
1324,ACTE D'ECHOGRAPHIE CCAM,ADE
1325,ACTE DE CHIRURGIE CD CCAM,ASC
1331,ACTES DE RADIOLOGIE,Z
1332,ACTES DE RADIOLOGIE NUCLEAIRE,ZN
1333,MAJORATION POUR PRODUIT RADIOPHARMACEUTIQUE,PRA
1335,ACTE DE RADIOLOGIE MAMMOGRAPHIE,ZM/ADI
1336,ACTE DE RADIOLOGIE MAMMOGRAPHIE DEPISTAGE,ZM DEPISTAGE/ADI
1341,ACTES D  ANATOMO-CYTO-PATHOLOGIE/MEDECINS,P
1342,MAJORATION ANATOMO-CYTO-PATHOLOGIE,MAP
1345,MAJORATION TRANSITOIRE,MTC
1351,ACTE D'IMAGERIE (hors ECHOGRAPHIE) CCAM,ADI
1352,ACTES TECHNIQUES MEDICAUX  (hors IMAGERIE) CCAM,ATM
1353,ACTE D'IMAGERIE CD CCAM,AID
1354,ACTE TECHNIQUE MEDICAL CD CCAM,ADM
1361,VIDEOCAPSULE,VDC
1400,BRIDGE RAC MODERE,BR1
1401,PROTHESE FIXE RAC 0,PF0
1402,PROTHESE FIXE RAC MODERE,PF1
1403,REPARATION FACETTE PROTHESE AMOVIBLE RAC 0,RF0
1404,REPARATION ADJONCTION RAC 0,RA0
1405,REPARATION PROTHESE ADJOINTE SIMPLE RAC 0,RS0
1406,SUPPLEMENT PROTHESE RESINE RAC 0,SU0
1407,COURONNE TRANSITOIRE RAC MODERE,CT1
1408,COURONNE ZIRCONE RAC MODERE,CZ1
1409,INLAY CORE RAC MODERE,IC1
1410,INLAY ONLAY RAC MOERE,IN1
1411,ACTES EN SCM (ET SPA POUR LA CRPCEN),SCM/SPA
1412,PROTHESE AMOVIBLE RAC MODERE,PA1
1413,REPARATION PROTHESE RAC MODERE,RE1
1414,SUPPLEMENT PROTHESE METALLIQUE RAC MODERE,SU1
1415,PROTHESE FIXE METALLIQUE RAC 0,CM0
1416,COURONNE TRANSITOIRE RAC 0,CT0
1417,COURONNE ZIRCONE RAC 0,CZ0
1418,INLAY CORE RAC 0,IC0
1419,PROTHESE AMOVIBLE RAC 0,PA0
1420,PROTHESE AMOVIBLE DE TRANSITION RAC 0,PT0
1421,ACTES DE PROTHESE DENTAIRE PRATIQUES PAR LE MEDECIN,PRO
1422,TRAITEMENTS D  ORTHODONTIE PRATIQUES PAR LE MEDECIN (ET EOS POUR LA CRPCEN),ORT/EOS
1423,ACTES DE PROTHESE DENTAIRE PRATIQUES PAR LE CHIRURGIEN-DENTISTE,SPR
1424,TRAITEMENTS D  ORTHODONTIE PRATIQUES PAR LE CHIRURGIEN-DENTISTE (ET ETO POUR LA CRPCEN),TO/ETO
1425,COMPLEMENT AT 150% DENTAIRE,ATD
1426,PEC EXCEPTIONNELLE DÉPASSEMENT DENTAIRE,DDE
1427,PEC EXCEPTIONNELLE DEPASSEMENT DENTAIRE TP,DDT
1431,ACTES EN D (ET OCC POUR LA CRPCEN),D/OCC
1432,ACTES EN DC,DC
1433,ACTES EN SC (ET SCA POUR LA CRPCEN),SC/SCA
1434,PREVENTION BUCCO-DENTAIRE: CONSULTATION - MATER,BDC
1435,PREVENTION BUCCO-DENTAIRE: RADIO DEUX CLICHES-MATER,BR2
1436,PREVENTION BUCCO-DENTAIRE: RADIO QUATRE CLICHES-MATER,BR4
1437,Majoration spécifique PDS Clinique Dentiste,MCD
1438,BUCCO DENT. CONSULTATION COMPLEXE MATERNITE,BDX
1439,BUCCO DENT. CONSULTATION ET RADIO PANORAMIQUE MATERNITE,BRP
1451,SOINS DENTAIRES,SDE
1452,"PROTHESE AMOVIBLE DEFINITIVE RESINE, A partir du 01/04/2019 (en date de soins) PROTHESE AMOVIBLE RESINE TARIF LIBRE",PAR
1453,PROPHYLAXIE BUCCO DENTAIRE CCAM,AXI
1454,CONSULTATION CD,CD
1455,CONSULTATION SPECIALISTE CD,CSD
1456,VISITE CD,VD
1457,VISITE SPECIALISTE CD,VSD
1459,INDEMNITE FORFAITAIRE DEPLACEMENT CD,IDD
1460,AVIS PONCTUEL DE CONSULTANT CD,ACD
1461,ACTES DIVERS PROTHESE DENTAIRE CCAM,ADP
1462,"PROTHESE FIXE METALLIQUE, A partir du 01/04/2019 (en date de soins) PROTHESE FIXE METALLIQUE TARIF LIBRE",PFM
1463,PROTHESE DENTAIRE FIXE ESTHETIQUE CCAM,PFE
1464,PROTHESE DENTAIRE AMOVIBLE CCAM,PDA
1465,IMPLANTOLOGIE - CCAM,IMP
1466,TRAITEMENT ORTHOPEDIE DENTO FACIALE CCAM,TOR
1467,CONSULTATION COMPLEXE CD,CXD
1470,ENDODONTIE,END
1471,"INLAY-ONLAY, A partir du 01/04/2019 (en date de soins) INLAY-ONLAY TARIF LIBRE",INO
1472,PARODONTOLOGIE,TDS
1473,"INLAY-CORE, A partir du 01/04/2019 (en date de soins) INLAY-CORE TARIF LIBRE",ICO
1474,"PROTHESE AMOVIBLE DEFINITIVE METALLIQUE, A partir du 01/04/2019 (en date de soins) PROTHESE AMOVIBLE METALLIQUE TARIF LIBRE",PAM
1475,"PROTHESE DENTAIRE PROVISOIRE, A partir du 01/04/2019 (en date de soins) COURONNE TRANSITOIRE TARIF LIBRE",PDT
1476,"PROTHESE FIXE CERAMIQUE, A partir du 01/04/2019 (en date de soins) PROTHESE FIXE CERAMIQUE TARIF LIBRE",PFC
1477,"REPARATION SUR PROTHESE, A partir du 01/04/2019 (en date de soins) REPARATION PROTHESE TARIF LIBRE",RPN
1511,FORFAIT D  ACCOUCHEMENT SIMPLE DES SAGES-FEMMES (FORFAIT N91),A
1512,FORFAIT D  ACCOUCHEMENT MULTIPLE DES SAGES-FEMMES (FORFAIT N92),AM
1521,MAJORATION POUR GARDE,MG
1522,MAJORATION ASTREINTE,MA
1523,Permanence Rémunération demi-journée Chirurgien-dentiste,PRC
1601,CONTRAT PRATIQUE VERSEMENT UNIQUEMENT,CPU
1602,FORFAIT CONTRAT DE BONNES PRATIQUES,CBP
1603,FORFAIT CONTRAT DE BONNES PRATIQUES CP1,CP1
1604,FORFAIT CONTRAT DE BONNES PRATIQUES CP2,CP2
1605,FORFAIT CONTRAT DE BONNES PRATIQUES CP3,CP3
1606,FORFAIT CONTRAT DE BONNES PRATIQUES,CPL
1607,FORFAIT CONTRAT DE SANTE PUBLIQUE INFIRMIER,CSI
1608,FORFAIT CONTRAT DE SANTE PUBLIQUE BIOLOGISTES,CSL
1609,CONTRAT DE BONNES PRATIQUES ZONE RURAL,CBR
1610,RÉMUNÉRATION CONTRAT D'ACCÈS AUX SOINS DENTAIRES,CAD
1611,CONTRAT DE BONNES PRATIQUES ZONE MONTAGNE,CBM
1612,CONTRAT DE BONNES PRATIQUES ZONE URBAINE,CBU
1613,CONTRAT DE BONNES PRATIQUES ZONE FRANCHE URBAINE,ZFU
1614,CONTRAT DE BONNES PRATIQUES TRANSPORTEURS 2006,CP6
1615,CONTRAT DE BONNES PRATIQUES TRANSPORTEURS 2007,CP7
1616,CONTRAT DE BONNES PRATIQUES TRANSPORTEURS 2008,CP8
1617,REDEVANCE CHEF DE CLINIQUE,RCC
1618,COMPLEMENT DE REMUNERATION CHEF DE CLINIQUE,CRC
1619,CONTRAT SANTE SOLIDARITE,CSS
1621,CONTRAT D'AMELIORATION DE L'ORGANISATION DES SOINS - TRANSPORTS,CAT
1622,CONTRAT D'AMELIORATION DE L'ORGANISATION DES SOINS - PHARMACIE/LPP,CAP
1623,REVERSEMENTS CONTRAT D'AMELIORATION DE L'ORGANISATION DES SOINS TRANSPORTS,RCT
1624,REVERSEMENTS CONTRAT D'AMELIORATION DE L'ORGANISATION DES SOINS - PHARMACIE / LPP,RCL
1625,PENALITES CONTRAT D'AMELIORATION DE L'ORGANISATION DES SOINS - TRANSPORT,PCT
1626,PENALITES CONTRAT D'AMELIORATION DE L'ORGANISATION DES SOINS - PHARMACIE / LPP,PCL
1627,CONTRAT INCITATIF CHIRURGIEN-DENTISTE,CIC
1628,DEMO. AIDE FORFAITAIRE GROUPE,ODG
1629,DEMO. AIDE FORFAITAIRE POLE SANTE,ODP
1630,DEMO. ACTIVITE GROUPE,DAG
1631,DEMO. ACTIVITE POLE SANTE,DOP
1632,SST AIDE ACTIVITE,STA
1633,SST FRAIS DEPLACEMENT,STD
1634,CONTESTATION POUR AIDE FORFAITAIRE POUR LES ADHERENTS A L'OPTION DEMOGRAPHIE DANS UN GROUPE,CDG
1635,CONTESTATION POUR AIDE FORFAITAIRE POUR LES ADHERENTS A L'OPTION DEMOGRAPHIE DANS UN POLE DE SANTE,CDP
1636,CONTESTATION POUR AIDE A L'ACTIVITE POUR LES ADHERENTS A L'OPTION DEMOGRAPHIE DANS UN GROUPE,CAG
1637,CONTESTATION POUR AIDE A L'ACTIVITE POUR LES ADHERENTS A L'OPTION DEMOGRAPHIE DANS UN POLE DE SANTE,CAS
1638,CONTESTATION POUR AIDE A L'ACTIVITE POUR LES ADHERENTS A L'OPTION SST,CTA
1639,CONTESTATION POUR FRAIS DE DEPLACEMENT POUR LES ADHERENTS A L'OPTION SST,CTD
1640,FORFAIT AIDE A L'INSTALLATION DU MEDECIN - CAIM,CIM
1641,MAJORATION AIDE À L'INSTALLATION DU MEDECIN - CAIM,MAI
1642,MAJORATION POUR EXERCICE PARTIEL EN HÔPITAL DE PROXIMITÉ - CAIM,EHP
1643,PAIEMENT AIDE ACTIVITE - CSTM,PAA
1644,MAJO REMUNERATION ARS - CSTM,MAM
1645,PAIEMENT PRISE EN CHARGE FRAIS DEPLACEMENT - CSTM,DEP
1646,AIDE FORFAITAIRE - COSCOM,AIF
1647,REMUNERATION COMPLEMENTAIRE ACCUEIL DE STAGIAIRE - COSCOM,RMS
1648,REMUNERATION COMPLEMENTAIRE EXERCICE EN HOPITAL - COSCOM,RHP
1649,PAIEMENT MAJORATION DE LA REMUNERATION ARS - COSCOM,MAO
1650,AIDE A L'ACTIVITE   COTRAM,CAA
1651,PAIEMENT MAJORATION REMUNERATION ARS   COTRAM,MRA
1652,PTMR  -  REMPLACEMENT,RFC
1653,"PTMR  - MALADIE, MATERNITE, PATERNITE",RCR
1654,FORFAIT IPA,IEX
1701,CDS  MEDICAL OPTANT FORF DEBUT,CMD
1702,CDS MEDICAL OPTANT FORF FIN,CMF
1703,CDS MEDICAL OPTANT FORFTACITE,CMT
1704,CDS DENTAIRE OPTANT FORF INITIAL,CDI
1705,CDS DENTAIRE OPTANT FORF SUIVI,CDS
1706,CDS DENTAIRE OPTANT FORF FINAL,CDF
1707,CDS INFIRMIER OPTANT FORF DEBUT,CID
1708,CDS INFIRMIER OPTANT FORF FIN,CIF
1711,FORFAIT MEDECIN REFERENT DEBUT DE CONTRAT,MRD
1712,FORFAIT MEDECIN REFERENT FIN DE CONTRAT,MRF
1715,FORFAIT MENSUEL COORDONNATEUR,FMC
1716,FORFAIT MENSUEL PARTICIPATION,FMP
1717,FORFAIT MENSUEL SOINS,FMS
1718,FORFAIT D'ADHESION ZONE DEFICITAIRE,FAZ
1721,FORFAIT PROFESSIONNEL (F01) FILIERES ET RESEAUX,F01
1722,FORFAIT PROFESSIONNEL (F02) FILIERES ET RESEAUX,F02
1723,FORFAIT PROFESSIONNEL (F03) FILIERES ET RESEAUX,F03
1724,FORFAIT PROFESSIONNEL (F04) FILIERES ET RESEAUX,F04
1725,FORFAIT PROFESSIONNEL (F05) FILIERES ET RESEAUX,F05
1726,FORFAIT PROFESSIONNEL (F06) FILIERES ET RESEAUX,F06
1727,FORFAIT PROFESSIONNEL (F07) FILIERES ET RESEAUX,F07
1728,FORFAIT PROFESSIONNEL (F08) FILIERES ET RESEAUX,F08
1729,FORFAIT PROFESSIONNEL (F09) FILIERES ET RESEAUX,F09
1731,FORFAIT PROFESSIONNEL (F10) FILIERES ET RESEAUX,F10
1732,FORFAIT PROFESSIONNEL (F11) FILIERES ET RESEAUX,F11
1733,FORFAIT PROFESSIONNEL (F12) FILIERES ET RESEAUX,F12
1734,FORFAIT PROFESSIONNEL (F13) FILIERES ET RESEAUX,F13
1735,FORFAIT PROFESSIONNEL (F14) FILIERES ET RESEAUX,F14
1736,FORFAIT PROFESSIONNEL (F15) FILIERES ET RESEAUX,F15
1741,FORFAIT CONSULTATION (FC0) FILIERES ET RESEAUX,FC0
1742,FORFAIT CONSULTATION (FC1) FILIERES ET RESEAUX,FC1
1743,FORFAIT CONSULTATION (FC2) FILIERES ET RESEAUX,FC2
1744,FORFAIT CONSULTATION (FC3) FILIERES ET RESEAUX,FC3
1745,FORFAIT CONSULTATION (FC4) FILIERES ET RESEAUX,FC4
1746,FORFAIT CONSULTATION (FC5) FILIERES ET RESEAUX,FC5
1747,FORFAIT CONSULTATION (FC6) FILIERES ET RESEAUX,FC6
1748,FORFAIT CONSULTATION (FC7) FILIERES ET RESEAUX,FC7
1749,FORFAIT CONSULTATION (FC8) FILIERES ET RESEAUX,FC8
1751,FORFAIT CONSULTATION (FC9) FILIERES ET RESEAUX,FC9
1761,FORFAIT FORMATION (FF0) FILIERES ET RESEAUX,FF0
1762,FORFAIT FORMATION (FF1) FILIERES ET RESEAUX,FF1
1763,FORFAIT FORMATION (FF2) FILIERES ET RESEAUX,FF2
1764,FORFAIT FORMATION (FF3) FILIERES ET RESEAUX,FF3
1765,FORFAIT FORMATION (FF4) FILIERES ET RESEAUX,FF4
1766,FORFAIT FORMATION (FF5) FILIERES ET RESEAUX,FF5
1767,FORFAIT FORMATION (FF6) FILIERES ET RESEAUX,FF6
1768,FORFAIT FORMATION (FF7) FILIERES ET RESEAUX,FF7
1769,FORFAIT FORMATION (FF8) FILIERES ET RESEAUX,FF8
1771,FORFAIT FORMATION (FF9) FILIERES ET RESEAUX,FF9
1781,FORFAIT PREVENTION/DEPISTAGE (FP0) FILIERES ET RESEAUX,FP0
1782,FORFAIT PREVENTION/DEPISTAGE (FP1) FILIERES ET RESEAUX,FP1
1783,FORFAIT PREVENTION/DEPISTAGE (FP2) FILIERES ET RESEAUX,FP2
1784,FORFAIT PREVENTION/DEPISTAGE (FP3) FILIERES ET RESEAUX,FP3
1785,FORFAIT PREVENTION/DEPISTAGE (FP4) FILIERES ET RESEAUX,FP4
1786,FORFAIT PREVENTION/DEPISTAGE (FP5) FILIERES ET RESEAUX,FP5
1787,FORFAIT PREVENTION/DEPISTAGE (FP6) FILIERES ET RESEAUX,FP6
1788,FORFAIT PREVENTION/DEPISTAGE (FP7) FILIERES ET RESEAUX,FP7
1789,FORFAIT PREVENTION/DEPISTAGE (FP8) FILIERES ET RESEAUX,FP8
1791,FORFAIT PREVENTION/DEPISTAGE (FP9) FILIERES ET RESEAUX,FP9
1811,IK PLAINE,IK IKP
1812,IK MONTAGNE,IKM
1813,IK PIED SKI,IKS
1814,FRAIS DE DEPLACEMENT VACATION,IKG
1821,"ID PARIS LYON MARSEILLE, +100.000 HA, -100.000 HA",ID
1841,INDEMNITES FORFAITAIRES DE DEPLACEMENT,IF
1842,INDEMNITES FORFAITAIRES DE DEPLACEMENT DES AUXILIAIRES MEDICAUX ET ASSIMILES,IFA
1843,INDEMNITES FORFAITAIRES DE DEPLACEMENT MK ORTHOPEDIQUE ET RHUMATOLOGIQUE,IFO
1844,INDEMNITES FORFAITAIRES DE DEPLACEMENT MK RHUMATISMALE,IFR
1845,INDEMNITE FORFAITAIRE DEPLACEMENT NEUROLOGIQUE,IFN
1846,INDEMNITES FORFAITAIRES DE DEPLACEMENT MK PNEUMOLOGIE,IFP
1847,INDEMNITES FORFAITAIRES DE DEPLACEMENT DE SORTIE,IFS
1848,INDEMNITES FORFAITAIRES DEPLACEMENT INFIRMIERS,IFI
1849,INDEMNITE FORFAITAIRE DEPLACEMENT MK PERS. AGEE,IFV
1901,MAJORATION PERSONNES AGEES,MOP
1903,MAJORATION ENFANT GENERALISTE,MEG
1904,MAJORATION ENFANT PEDIATRE,MEP
1905,NOUVEAU FORFAIT ENFANT,NFE
1906,NOUVEAU FORFAIT PEDIATRIQUE,NFP
1907,REMUNERATION DES SOINS DE PROXIMITE,PRX
1908,FORFAIT SORTIE PRECOCE ET TEST GUTHRIE,SP2
1909,FORFAIT SORTIE PRECOCE,SP1
1910,Plan personnalisé de santé,PPS
1911,ACTES DES SAGES-FEMMES,SF
1912,HONORAIRES NON VENTILABLES INDIVIDUALISES,NA
1913,MAJORATION MILIEU DE NUIT,MM
1914,FORFAIT PEDIATRIQUE,FPE
1915,FORFAIT ASTREINTE PROF,ASR
1916,REMUNERATION POUR GARDE ETS PRIVES,RPG
1917,REMUNERATION POUR ASTREINTE ETS PRIVES,RPA
1918,MAJORATION D'URGENCE,MU
1919,DEPENSES DE MEDECINE FORFAITAIRE (OMNIPRATICIENS ET AUXILIAIRES MEDICAUX),
1920,CONTRAT DEMOGRAPHIQUE SAGE-FEMME,CIS
1921,TEST DE DIAGNOSTIC RAPIDE,TDR
1922,CONSULTATION,CG
1923,EXAMEN DE SUIVI POST NATAL,SP
1924,INDEMNISATION VACATION MEDECINS,VGM
1925,REMUNERATION VACCINATION GRIPPE A PAR MEDECIN RETRAITE ET SALARIES HORS OBLIGATIONS,VMR
1926,ACTE DE VACCINATION GRIPPE A/H1N1,VAC
1927,REMUNERATION CPTS,CPT
1928,REMUNERATION VACCINATION COVID 19,VCO
1929,ACTE DE VACCINATION COVID 19,VAC
1930,ACTE D INJECTION DU VACCIN COVID19,INJ
1931,MAJORATION NOURRISSON PEDIATRE,MNP
1932,MAJORATION NOURRISSON GENERALISTE,MNO
1933,MAJORATION CONSULTATION REGULEE  DE NUIT,CRN
1934,MAJORATION CONSULTATION REGULEE MILIEU DE NUIT,CRM
1935,"MAJORATION CONSULTATION REGULEE DIMANCHE, JOURS FERIES ET ASSIMILES",CRD
1936,MAJORATION VISITE REGULEE  DE NUIT,VRN
1937,MAJORATION VISITE REGULEE MILIEU DE NUIT,VRM
1938,"MAJORATION VISITE REGULEE DE DIMANCHE, JOURS FERIES ET ASSIMILES",VRD
1939,MAJORATION SAGE-FEMME,MSF
1940,FORFAIT SORTIE PRECOCE,DSP
1941,MAJORATION CONSULTATION REGULEE SAMEDI APRES MIDI,CRS
1942,MAJORATION VISITE REGULEE SAMEDI APRES MIDI,VRS
1943,MAJORATION URGENCE MT,MUT
1944,MAJORATION CORRESPONDANT URGENCE,MCU
1945,MAJORATION MEDECIN TRAITANT REGULATION,MRT
1946,FORFAIT SAGE-FEMME REFERENTE,SFR
1947,FORFAIT ASTREINTE SAGE-FEMME,FA
1948,FORFAIT DE SURVEILLANCE SF,FMN
1949,MAJORATION DE SURVEILLANCE SF,MS
1951,PARTICIPATION FORFAITAIRE HORS TIERS PAYANT,PFH
1952,PARTICIPATION FORFAITAIRE TIERS PAYANT,PFT
1954,PARTICIPATION ASSURE CONSULTATIONS ET SOINS EXTERNES (C2S + AME),PAE
1955,PARTICIPATION ASSURE CONSULTATIONS ET SOINS EXTERNES (REGIME LOCAL),PAL
1956,PARTICIPATION ASSURE EN AMBULATOIRE,PAP
1957,MAJORATION HORS PARCOURS DE SOINS,TMT
1959,ADMINISTRATION  VACCIN,VAX
1960,SUPPLEMENT DEROGATOIRE SG SUR ACTE PROFESSIONNEL NON REMBOURSABLE (CNMSS),SGA
1961,SUPPLEMENT DEROGATOIRE SG SUR ACTE PROFESSIONNEL REMBOURSABLE (CNMSS),DAP
1962,VACATION MEDECIN VACCINATION COVID 19,VMR
1963,MAJO URGENCE + DE 75 ANS SAMU/AMB,MVU
1964,MAJORATION 19H-21H,SHE
1965,MAJO DIMANCHE / NUIT HORS URGENCE,MHP
1971,FRANCHISE HORS TIERS PAYANT SUR MEDICAMENT,FRH
1972,FRANCHISE TIERS PAYANT SUR MEDICAMENT,FRT
1973,FRANCHISE HORS TIERS PAYANT SUR TRANSPORT,FRH
1974,FRANCHISE TIERS PAYANT SUR TRANSPORT,FRT
1975,FRANCHISE HORS TIERS PAYANT ACTE D'AUXILIAIRE MEDICAUX,FRH
1976,FRANCHISE TIERS PAYANT ACTE D'AUXILIAIRE MEDICAUX,FRT
1977,PARTICIPATION ASSURE HORS TIERS PAYANT TRANSMISE SANS ACTE DE REFERENCE OU TYPE DE FRANCHISES,FRH
1978,PARTICIPATION ASSURE EN TIERS PAYANT TRANSMISE SANS ACTE DE REFERENCE OU TYPE DE FRANCHISES,FRT
1981,FORFAIT IVG HONORAIRES DE VILLE,FHV
1982,VACCINATION HPV 1ERE DOSE,HP1
1983,VACCINATION HPV 2EME DOSE,HP2
1990,FORFAIT D'INTERVENTION PAR SORTIE SUR DEMANDE DE LA REGULATION,FIM
1991,REMUNERATION REGULATION,REG
1992,PERMANENCE REMUNERATION DE NUIT,PRN
1993,PERMANENCE REMUNERATION MILIEU DE NUIT,PRM
1994,PERMANENCE REMUNERATION DIMANCHE ET FERIE,PRD
1995,PERMANENCE REMUNERATION TOTAL,PRT
1996,PERMANENCE REMUNERATION SAMEDI MATIN,RSA
1997,PERMANENCE REMUNERATION SAMEDI APRES MIDI,RSP
1998,ASTREINTE DE JOUR CORRESPONDANT SAMU,AJS
1999,ASTREINTE DE NUIT CORRESPONDANT SAMU,ANS
2100,FORFAIT ENVIRONNEMENT HOSPITALIER 7,SE7
2101,HBGT TEMP NON MEDICALISE,HTN
2102,PROTOCOLE FRANCO ALGERIEN,PFA
2103,SUPPLEMENT TRANSPORT PERMISSION THERAPEUTIQUE (PSY/SSR),ST3
2104,SUPPLEMENT TRANSPORT PROVISOIRE (PSY/SSR),ST2
2105,SUPPLEMENT TRANSPORT DEFINITIF (PSY/SSR),ST1
2106,TRANSPORT DEFINITIF DIALYSE,TDD
2107,TRANSPORT SEANCE DIALYSE,TSD
2108,SUPPLEMENT TRANSPORT 2,TDE
2109,SUPPLEMENT TRANSPORT SEANCES,TSE
2110,FRAIS SEJOUR SSR,GMT
2111,FRAIS D HEBERGEMENT ET ENVIRONNEMENT EN GHS,GHS
2112,FRAIS DE SEJOUR SUPPLEMENTAIRE AU GHS,EXH
2113,GROUPE HOMOGENE DE TARIFS,GHT
2114,SUPPLEMENT SOINS PARTICULIEREMENT COUTEUX (ARRETE DU 29/06/1978),SRA
2115,SUPPLEMENT SOINS CONTINUS,SSC
2116,SUPPLEMENT NEONATOLOGIE 1,NN1
2117,SUPPLEMENT NEONATOLOGIE 2,NN2
2118,SUPPLEMENT NEONATOLOGIE 3,NN3
2119,SUPPLEMENT DEFIBRILLATEUR,SDC
2120,DIFFERENTIEL TARIFAIRE CLINIQUE,DTC
2121,HEMODIALYSE EN CENTRE OU EN UNITE DE DIALYSE MEDICALISEE,D01
2122,AUTODIALYSE SIMPLE OU ASSISTEE,D02
2123,ENTRAINEMENT A L HEMODIALYSE A DOMICILE ET A L AUTODIALYSE,D03
2124,ENTRAINEMENT A LA DPA,D04
2125,ENTRAINEMENT A LA DPCA,D05
2126,HEMODIALYSE A DOMICILE,D06
2127,DIALYSE PERITONEALE AUTOMATISEE (DPA),D07
2128,DIALYSE PERITONEALE CONTINUE AMBULATOIRE (DPCA),D08
2129,FORFAIT D'HEMODIALYSE EN CENTRE,D09
2130,DOTATION MIXTE MEDECINE,DMM
2131,FORFAIT D HEMODIALYSE EN CENTRE POUR ENFANT,D10
2132,FORFAIT D HEMODIALYSE EN UNITE DE DIALYSE MEDICALISEE,D11
2133,DIALYSE TIERCE PERSONNE,DTP
2134,FORFAIT D AUTODIALYSE SIMPLE,D12
2135,FORFAIT D AUTODIALYSE ASSISTEE,D13
2136,FORFAIT D HEMODIALYSE A DOMICILE,D14
2137,FORFAIT DE DIALYSE PERITONEALE AUTOMATISEE (DPA),D15
2138,FORFAIT DE DIALYSE PERITONEALE CONTINUE AMBULATOIRE (DPCA),D16
2139,FORFAIT D ENTRAINEMENT A L HEMODIALYSE A  DOMICILE ET AUTODIALYSE,D17
2140,FORFAIT D ENTRAINEMENT A LA DIALYSE PERITONEALE AUTOMATISEE,D18
2141,FRAIS DE CHAMBRE PARTICULIERE POUR CONVENANCE PERSONNELLE,CPC
2142,FORFAIT D ENTRAINEMENT A DIALYSE PERITONEALE CONTINUE AMBULATOIRE,D19
2143,FF D ENTRAINEMENT A LA DIALYSE PERITONEALE AUTOMATISEE A DOMICILE,D20
2144,FF D ENTRAINEMENT A LA DIALYSE PERITONEALE CONTINUE AMBULATOIRE A DOMICILE,D21
2145,FORFAIT DE DIALYSE PERITONEALE AUTOMATISE POUR HOSPITALISATION DE 3 A 6 JOURS,D22
2146,FORFAIT DE DIALYSE PERITONEALE CONTINUE AMBULATOIRE POUR HOSPITALISATION DE 3 A 6 JOURS,D23
2147,FORFAIT D'ENTRAINEMENT A L'HEMODIALYSE EN UNITE DE DIALYSE MEDICALISEE,D24
2148,SUPPLEMENT  JOURNALIER ZONE HAUTE,SZH
2149,SUPPLEMENT  JOURNALIER ZONE EXTREME HAUTE,SEH
2150,VIDEOCAPSULE,VDE
2151,SUPPLEMENT REANIMATION,REA
2152,SUPPLEMENT SURVEILLANCE CONTINUE,SRC
2153,FORFAIT SOINS INTENSIFS,STF
2154,REANIMATION PEDIATRIQUE,REP
2155,FORFAIT ENVIRONNEMENT HOSPITALIER 1,SE1
2156,FORFAIT ENVIRONNEMENT HOSPITALIER 2,SE2
2157,FORFAIT ENVIRONNEMENT HOSPITALIER 3,SE3
2158,FORFAIT ENVIRONNEMENT HOSPITALIER 4,SE4
2159,FORFAIT DE SECURITE DERMATOLOGIQUE,FSD
2160,MISSION D'INTERET GENERAL SSR,MGS
2161,FORFAIT MISSION D INTERET GENERAL D AIDE A LA CONTRACTUALISATION,MGC
2162,FORFAIT HAUTE TECHNICITE,FHT
2163,SUPPLEMENT JOURNALIER DIALYSE PERITONEALE,DIP
2164,ADMINISTRATION DE PRODUITS ET PRESTATIONS EN ENVIRONNEMENT HOSPITALIER,APE
2165,FORFAIT PRESTATION INTERMEDIAIRE,FPI
2166,ADMINISTRATION DE MEDICAMENTS EN ENVIRONNEMENT HOSPITALIER,AP2
2167,FORFAIT ENVIRONNEMENT HOSPITALIER 5,SE5
2168,FORFAIT ENVIRONNEMENT HOSPITALIER 6,SE6
2169,DOTATION POPULATIONNELLE PSY,DP2
2170,FIR ETS PRIVES,FIP
2171,DIFFERENTIEL TARIFAIRE AME,DTA
2172,DIFFERENTIEL TARIFAIRE MIGRANTS,DTM
2173,DIFFERENTIEL PSY REGLEMENTAIRE,DPC
2174,DIFFERENTIEL PSY AME,DPA
2175,DIFFERENTIEL PSY MIGRANTS,DPM
2176,DIFFERENTIEL SSR REGLEMENTAIRE,DSC
2177,DIFFERENTIEL SSR AME,DSA
2178,DIFFERENTIEL SSR MIGRANTS,DSM
2179,DOTATION DE TRANSFORMATION PSY,DT2
2180,DIFFERENTIEL TARIFAIRE FIDES,DTF
2181,PRELEVEMENT D ORGANE 1,PO1
2182,PRELEVEMENT D ORGANE 2,PO2
2183,PRELEVEMENT D ORGANE 3,PO3
2184,COORDINATION PRELEVEMENT D ORGANES,CPO
2185,PRELEVEMENT D ORGANE 4,PO4
2186,PRELEVEMENT D'ORGANE 5,PO5
2187,PRELEVEMENT D'ORGANE 6,PO6
2188,PRELEVEMENT D'ORGANE 7,PO7
2189,PRELEVEMENT D'ORGANE 8,PO8
2190,PRELEVEMENT D'ORGANE 9,PO9
2191,PRELEVEMENT D'ORGANE,POA
2192,DOTATION POPULATIONNELLE SSR,DP1
2193,DOTATION PEDIATRIE,DT1
2194,PLATEAU TECHNIQUE SPECIALISE,PTS
2195,SUPPLEMENT ANTEPARTUM,ANT
2196,SUPPLEMENT RADIOTHERAPIE PEDIATRIQUE,RAP
2197,DOTATION ACTIVITES SPECIFIQUES,MGY
2198,DOTATION QUALITE CODAGE,DAY
2199,SUPPLEMENT  JOURNALIER ZONE BASSE,SZB
2200,DOTATION FILE ACTIVE PSY,DFA
2201,BUDGET GLOBAL,
2202,MEDICALISATION DES PERSONNES AGEES,
2203,SSAD : SERVICE DE SOINS A DOMICILE,
2204,CAMSP: CENTRE ACTION MEDICO-SOCIALE PRECOCE,
2205,CCAA : CENTRE DE CURE AMBULATOIRE EN ALCOOLOGIE,
2206,VIH,VIH
2207,REORIENTATION URGENCE 2 MILIEU NUIT,R2M
2208,REORIENTATION URGENCE 1 MILIEU NUIT,R1M
2209,FORFAIT CONSULTATION URGENCE HOPITAL MILIEU NUIT,FHM
2210,FORFAIT CONSULTATION URGENCE HOPITAL NUIT,FHN
2211,FRAIS DE SEJOUR,PJ
2212,MAJORATION PMSI,PMS
2213,FRAIS DE SEJOUR IME,PJE
2214,SUPPLEMENT DEROGATOIRE SG SUR PRESTATION SEJOUR NON REMBOURSABLE (CNMSS),SGJ
2215,SUPPLEMENT DEROGATOIRE SG SUR PRESTATION SEJOUR REMBOURSABLE (CNMSS),DSJ
2216,FORFAIT CONSULTATION URGENCE PRIVE,FCP
2217,FORFAIT CONSULTATION URGENCE HOPITAL,FCH
2218,REORIENTATION URGENCE 1,RU1
2219,REORIENTATION URGENCE 2,RU2
2220,FORFAIT CONSULTATION URGENCE HOPITAL FERIE,FHF
2221,SUPPLEMENT CHAMBRE PARTICULIERE,SHO
2222,SUPPLEMENT POUR SURVEILLANCE DU MALADE,SSM
2228,REORIENTATION URGENCE 1 NUIT,R1N
2229,FORFAIT PRISE EN CHARGE DU NOUVEAU NE,FNN
2230,PRIX DE JOURNEE REGIME LOCAL,PJL
2231,FORFAIT PHARMACEUTIQUE,PHJ
2232,FORFAIT TRANSPLANTATION D  ORGANE,FTO
2233,REORIENTATION URGENCE 2 NUIT,R2N
2234,FORFAIT D  ENTREE,ENT
2235,FORFAIT D  ACTIVITE NON PROGRAMMEE,ANP
2236,FORFAIT CONSOMMABLE CARDIOLOGIE,FCO
2237,TM PJ - PART OC,PJC
2238,FORFAIT D ACCUEIL ET DE TRAITEMENT DES URGENCES,ATU
2239,FORFAIT ANNUEL D URGENCE,FAU
2240,TARIF JOURNALIER COMPLEMENTAIRE,TJC
2241,FRAIS DE SALLE D  OPERATION,FSO
2242,FRAIS D  ANESTHESIE ET REANIMATION,ARE
2243,FRAIS D  ENVIRONNEMENT,FE
2244,Forfait Innovation ARGUS II,I02
2245,FRAIS DE SALLE D  ACCOUCHEMENT,FST
2246,FRAIS DE SALLE D  ACCOUCHEMENT MULTIPLE,FSG
2247,FORFAIT PSYCHIATRIE  DE SECURITE - HOSPITALISATION AVEC HEBERGEMENT,FSY
2248,Forfait Innovation HIFU,I01
2249,FORFAIT ACTIVITE ISOLE,FAI
2250,FORFAIT JOURNALIER - PART OC,FJC
2251,FORFAIT JOURNALIER,FJ
2252,FORFAIT JOURNALIER DE SORTIE,FJA/FJR/FRL
2253,TARIF JOURNALIER PRESTATIONS,TJP
2254,VERSEMENT ACTIVITE SSR AME,VAM
2255,VERSEMENT SOINS URGENTS SSR,VSU
2256,FORFAIT INNOVATION ECLIPS,I13
2257,FJ TRANSPLANTATION ORGANES,FJO
2258,FORFAIT DE SOINS JOURNALIER,FSJ
2259,SAISIE MANUELLE DES SEJOURS POUR LEQUELS LE FJ EST SUPERIEUR AU TM,
2260,FORFAIT HOPITAL PROXIMITE COMPLEMENTAIRE,HPC
2261,FORFAIT ACCUEIL DU PATIENT N 1,FA1
2262,FORFAIT ACCUEIL DU PATIENT N 2,FA2
2263,FORFAIT IFAQ,IFQ
2264,FORFAIT IFAQ SSR,IFZ
2265,DOTATION MODULEE A L'ACTIVITE,DMA
2266,FORFAIT INNOVATION ECHOPULSE,I03
2267,FORFAIT INNOVATION METAGLUT1,I04
2268,FORFAIT INNOVATION RETINA,I05
2269,FORFAIT PATHOLOGIE CHRONIQUE 1,PC1
2270,FORFAIT PATHOLOGIE CHRONIQUE 2,PC2
2271,FORFAIT HPT GROUPE 1,AS1
2272,FORFAIT HPT GROUPE 1.2,AS2
2273,FORFAIT HPT 15 %,AS3
2274,FORFAIT HPT GROUPE 2 + FAS1,AS4
2275,FORFAIT HPT GROUPE 2 + FAS2,AS5
2276,FORFAIT INNOVATION WISE CRT,I07
2277,REORIENTATION URGENCE 1 FERIE,R1F
2278,REORIENTATION URGENCE 2 FERIE,R2F
2279,FORFAIT INNOVATION DNERVA,I08
2280,FORFAIT IFAQ PSY,IFY
2281,FORFAIT PATIENT URGENCE,FPU
2282,PARTICIPATION ASSURE TRANSITOIRE,PAT
2283,PARTICIPATION ASSURE HOSPITALISATION PUBLIQUE (C2S + AME),PAH
2284,PARTICIPATION ASSURE HOSPITALISATION PUBLIQUE (REGIME LOCAL),PAJ
2285,PARTICIPATION ASSURE SUR SEJOUR,PAS
2286,FORFAIT PATIENT URGENCE RO,FPX
2287,FORFAIT PATIENT URGENCE RL,FPL
2288,FORFAIT INNOVATION ONCOGRAMME,I14
2289,FORFAIT INNOVATION SUNRISE,I15
2290,FORFAIT JOURNALIER RL PRIVE,FLP
2291,PRIX DE JOURNEE FIDES ALM,PJF
2292,DOTATION STRUCTURATION RECHERCHE,DRY
2293,DOTATION NOUVELLES ACTIVITES,DNA
2294,DOTATION QUALITE URGENCE,DQU
2295,DOTATION DE RESPONSABILITE ERRITORIALE,DP3
2297,FORFAIT PATIENT URGENCE MINORE,FPV
2298,FORFAIT URGENCE MINORE ALM,FPM
2299,TARIF JOURNALIER LOCAL,TJL
2300,TARIF JOURNALIER MIGRANTS,TJM
2301,SUPPLEMENT CAR T CELL,CTC
2302,SUPPLEMENT TRANSPORT DEFINITIF SSR,ST4
2303,SUPPLEMENT TRANSPORT PROVISOIRE SSR,ST5
2304,SUPPLEMENT TRANSPORT PERMISSION THERAPEUTIQUE SSR,ST6
2309,COMPLEMENT FORFAIT URGENCE,CFU
2321,FORFAIT - LONG SEJOUR PERSONNES AGEES,FPA/FS
2331,RADIUMTHERAPIE ET CHIMIOTHERAPIE,SNS
2332,READAPTATION FONCTIONNELLE,RF/SNS
2333,REEDUCATION PROFESSIONNELLE,RP/FS
2334,SEANCE D  HEMODIALYSE,FSE/SNS
2335,FORFAIT DE PANSEMENT,FP
2336,FORFAIT POUR CONSULTATION EN CENTRE MEDICO-PSYCHO PEDAGOGIQUE,SNS
2337,SEANCE DE DIAGNOSTIC,SD
2338,FORFAIT PETIT MATERIEL,FFM
2339,AUTRES FORFAITS DIVERS (Y COMPRIS NUTRITION ENTERALE A DOMICILE),FS/SNS
2341,SUPPLEMENT AU FORFAIT CHIMIOTHERAPIE,SFC
2342,FORFAIT POUR GARDE DE DEBUT DE NUIT EN ETABLIS. PRIVE,RGD
2343,FORFAIT POUR GARDE DE NUIT OU SAMEDI APRES MIDI EN ETABLIS. PRIVE,RGN
2344,FORFAIT DE GARDE NUIT ET FERIE EN ETABLIS. PRIVE,FPG
2345,FORFAIT POUR ASTREINTE DE DEBUT DE NUIT EN ETABLIS. PRIVE,RAN
2346,FORFAIT POUR ASTREINTE DE NUIT OU SAMEDI APRES MIDI EN ETABLIS. PRIVE,RAG
2347,FORFAIT D'ASTREINTE NUIT ET FERIE EN ETABLIS. PRIVE,FPA
2351,FORFAIT TECHNIQUE NORMAL IRMN -SCANNERS,FTN
2352,FORFAIT TECHNIQUE REDUIT IRMN -SCANNERS,FTR
2353,FORFAIT TECHNIQUE SCANNER (SPP expo amiante),FTS
2354,FORFAIT TECHNIQUE TOMOGRAPHIE,FTG
2355,FORFAIT CONCOMMABLE MEDECINE NUCLEAIRE 01,N01
2356,FORFAIT CONSOMMABLE MEDECINE NUCLEAIRE 02,N02
2357,FORFAIT CONSOMMABLE MEDECINE NUCLEAIRE 03,N03
2358,FORFAIT CONSOMMABLE MEDECINE NUCLEAIRE 04,N04
2359,FORFAIT CONSOMMABLE MEDECINE NUCLEAIRE 05,N05
2360,FORFAIT CONSOMMABLE MEDECINE NUCLEAIRE 06,N06
2361,FORFAIT CONSOMMABLE MEDECINE NUCLEAIRE 07,N07
2362,FORFAIT CONSOMMABLE MEDECINE NUCLEAIRE 08,N08
2363,FORFAIT CONSOMMABLE MEDECINE NUCLEAIRE 09,N09
2364,FORFAIT CONSOMMABLE MEDECINE NUCLEAIRE 10,N10
2365,FORFAIT CONSOMMABLE MEDECINE NUCLEAIRE 11,N11
2366,FORFAIT CONSOMMABLE MEDECINE NUCLEAIRE 12,N12
2367,FORFAIT CONSOMMABLE MEDECINE NUCLEAIRE 13,N13
2368,FORFAIT CONSOMMABLE MEDECINE NUCLEAIRE 14,N14
2369,FORFAIT CONSOMMABLE MEDECINE NUCLEAIRE 15,N15
2371,TARIF SOINS GIR 1 ET 2,G1
2372,TARIF SOINS GIR 3 ET 4,G2
2373,TARIF SOINS GIR 5 ET 6,G3
2380,"FORFAIT PSYCHIATRIE SEANCE COLL, 1 INTERVENANT 3 à 4H",PY0
2381,"FORFAIT PSYCHIATRIE SEANCE IND, 1 INTERVENANT 3 à 4H",PY1
2382,"FORFAIT PSYCHIATRIE SEANCE COLL, 2 INTERVENANTS 3 à 4H",PY2
2383,FORFAIT PSYCHIATRIE SEANCE IND. 2 INTERVENANTS 3 à 4H,PY3
2384,"FORFAIT PSYCHIATRIE SEANCE COLL, 1 INTERVENANT 6 à 8H",PY4
2385,FORFAIT PSYCHIATRIE SEANCE IND. 1 INTERVENANT 6 à 8H,PY5
2386,"FORFAIT PSYCHIATRIE SEANCE COLL, 2 INTERVENANT 6 à 8H",PY6
2387,FORFAIT PSYCHIATRIE SEANCE IND. 2 INTERVENANTS 6 à 8H,PY7
2388,FORFAIT PSYCHIATRIE DE SECURITE HOSPITALISATION SANS HEBERGEMENT,PY8
2389,PRISE EN CHARGE DE NUIT POUR UNE DUREE ENTRE 8 ET 12H,PY9
2391,FORFAIT TECHNIQUE TARIF REDUIT N°2,FR2
2392,FORFAIT TECHNIQUE TARIF REDUIT N°3,FR3
2411,INTERVENTION IVG,IG
2412,ANESTHESIE GENERALE,IGA
2413,INVESTIGATIONS BIOLOGIQUES,IGB
2414,CONSULTATION IVG,IC
2415,MEDICAMENTS: MIFEYGINE,IGM
2416,MEDICAMENTS: PROSTAGLANDINES,IGP
2417,VERIFICATION BIOLOGIQUE,IVB
2418,VERIFICATION ECHOGRAPHIQUE,IVE
2419,FORFAIT INTERVENTION AMBULATOIRE,IMD
2420,FORFAIT INTERVENTION DUREE < OU = 12 H PRIVE MEDIC,IMI
2421,INTERVENTION + ANESTHESIE AMBULATOIRE,AMD
2422,FORFAIT POUR IVG MEDICAMENTEUSE,AMF
2423,FORFAIT INTERVENTION AVEC NUITEE,IPD
2424,INTERVENTION + ANESTHESIE AVEC NUITEE,APD
2425,FORFAIT IVG POUR 24H SUPPLEMENTAIRES - SECTEUR PRIVE/SECTEUR PUBLIC,FJS
2426,CONSULTATION IVG SPECIALISTE,ICS
2428,ECHO PRE IVG,IPE
2501,FORFAIT FIR PDSES PUBLIQUE,FI1
2502,FORFAIT FIR CENTRE DEPISTAGE ANONYME ET GRATUIT,FI2
2503,FORFAIT FIR CENTRE PERINATAUX DE PROXIMITE,FI3
2504,FORFAIT FIR EDUCATION THERAPEUTIQUE,FI4
3101,FORFAIT STRUCTURE PS AUXILIAIRES,FSA
3102,CONTESTATION FORFAIT STRUCTURE PS AUXILIAIRES,FSC
3103,TELECONSULTATION LORS D'UN SOIN,TLS
3104,TELECONSULTATION LIEU DEDIE,TLL
3105,TELECONSULTATION DOMICILE,TLD
3106,SOINS INFIRMIERS EXTERNALISES (PEC LOURDE),BSC
3107,SOINS INFIRMIERS EXTERNALISES (PEC INTERMEDIAIRE),BSB
3108,SOINS INFIRMIERS EXTERNALISES (PEC LEGERE),BSA
3109,Majoration Infirmier Enfant,MIE
3110,CONTRAT INCITATIF INFIRMIER,CII
3111,ACTES EN AMI,AMI
3112,ACTES INFIRMIERS DE SOINS,AIS
3113,ACTES INFIRMIERS DES SAGES-FEMMES (SFI),SFI
3115,BILAN DE SOINS INFIRMIERS,DI
3116,MAJORATION POUR ACTE UNIQUE,MAU
3117,MAJORATION DE COORDINATION ET D'ENVIRONNEMENT DE SOIN INFIRMIER,MCI
3118,INDEMNISATION VACATION INFIRMIERS,VGI
3119,REMUNERATION VACCINATION GRIPPE A PAR INFIRMIER RETRAITE OU SALARIE HORS OBLIGATIONS,VIR
3120,SOINS INFIRMIERS EXTERNALISES,AMX
3121,ACTES AMC,AMC
3122,ACTES EN AMK,AMK
3123,TELESOINS MK,TMK
3124,FORFAIT TROUBLES NEURO-DEVELOPPEMENT,FTD
3125,ACTES DE KINESITHERAPIE OSTEO-ARTICULAIRE,AMS
3126,CONTRAT DEMOGRAPHIQUE KINE,CIK
3127,FORFAIT PRISE EN CHARGE AVC,FRD
3128,RETOUR A DOMICILE POST CHIRURGIE ORTHOPEDIQUE,FAD
3129,PRATIQUE AVANCEE INFIRMIER MIP,MIP
3130,PRATIQUE AVANCEE INFIRMIER PAI,PAI
3131,ACTES DES PEDICURES,AMP
3132,ACTES DES ORTHOPHONISTES,AMO
3133,ACTES DES ORTHOPTISTES,AMY
3134,ACTE DE PEDICURE-PODOLOGUE (DIABETIQUE),POD
3135,FORFAIT EVALUATION DOMICILE HANDICAP,FOT
3136,MAJORATION ENFANT - ORTHOPHONIE,MEO
3137,FORFAIT POST HOSPITALISATION - ORTHOPHONIE,FPH
3138,FORFAIT EVALUATION DOMICILE HANDICAP - ORTHOPHONIE,FOH
3139,CONTRAT INCITATIF ORTHOPHONISTE,CIO
3140,TELESOINS INFIRMIERS,TMI
3141,TELESOINS PODOLOGUES,TMP
3142,TELESOINS ORTHOPHONISTES,TMO
3143,TELESOINS ORTHOPTISTES,TMY
3144,VACATION HORS MEDECINS VACCI COVID19,VIR
3145,MK-REEDUC AMPUTATIONS,APM
3146,MK-REEDUC AFF RESPIRATOIRES MAX FACIAL ET ORL,ARL
3147,MK-REEDUC DEVIATION RACHIS,DRA
3148,MK-REEDUC AFF NEURO MUSC OU RHUM INFLAM,NMI
3149,MK-REEDUC SOINS PALLIATIFS,PLL
3150,INDEMNITE INFLATION,IIN
3151,MK-REEDUC ABDO ET PERINEOSPHINCTERIENNE,RAB
3152,MK-REEDUC RACHIS NON OPERE,RAM
3153,MK-REEDUC RACHIS OPERE,RAO
3154,MK-REEDUC AFFECTIONS VASCULAIRES,RAV
3155,MK-REEDUC MBRE INF OPERE SOUS REF,RIC
3156,MK-REEDUC MBRE INF NON OPERE SOUS REF,RIM
3157,MK-REEDUC DEAMBULATION SUJET AGEE,RPE
3158,MK-REEDUC BRULURES,RPB
3159,MK-REEDUC MBRE SUP OPERE SOUS REF,RSC
3160,MK-REEDUC MBRE SUP NON OPERE SOUS REF,RSM
3161,MK-REEDUC AFFECTIONS SUR 2 TERRITOIRES,TER
3162,MK-REEDUC MBRE INF OPERE SANS REF,VIC
3163,MK-REEDUC MBRE INF NON OPERE SANS REF,VIM
3164,MK-REEDUC MBRE SUP OPERE SANS REF,VSC
3165,MK-REEDUC MBRE SUP NON OPERE SANS REF,VSM
3166,RDV PREVENTION INFIRMIER,RDI
3167,BILAN PSYCHOLOGUE,BPS
3168,SEANCE PSYCHOLOGUE,SPS
3169,BILAN ERGOTHERAPEUTE,BRG
3170,SEANCE ERGOTHERAPEUTE,SRG
3171,BILAN PSYCHOMOTRICIEN,BMO
3172,SEANCE PSYCHOMOTRICIEN,SMO
3173,TELESOINS PREVENTION PODOLOGUE,POT
3210,AIDE FINANCIERE A L'INTEROPERABILITE DMP,DMP
3211,ACTES DE BIOLOGIE,B
3213,FORFAIT PREALABLE BIOLOGIE IVG VILLE,FPB
3216,FORFAIT ULTERIEUR BIOLOGIE IVG VILLE,FUB
3217,ACTE DE DEPISTAGE DU CANCER COLORECTAL,DCC
3221,PRELEVEMENT,KB
3222,PRELEVEMENT SANGUIN PAR UN DIRECTEUR DE LABORATOIRE,PB
3223,PRELEVEMENT,TB
3225,PRELEVEMENT PAR PONCTION VEINEUSE DIRECTE POUR UN MEDECIN BIOLOGISTE,KMB
3300,REMUNERATION ROSP AOD,RRA
3301,CONTESTATION ROSP AOD,CRA
3302,PAIEMENT GARANTIE CONVENTIONNELLE PHARMACIE,PGC
3303,CONTESTATION GARANTIE CONVENTIONNELLE PHAMACIE,CGC
3304,PAIEMENT QUALITE DE SERVICE PHARMACIE,PQS
3305,CONTESTATION QUALITE DE SERVICE PHARMACIE,CQS
3306,BILAN MEDICATION REMUNERATION PHARMACIE,BMR
3307,BILAN MEDICATION CONTESTATION PHARMACIE,BMC
3308,CODE TRACEUR TELECONSULTATION,TLM
3309,CODE TRACEUR ACCOMPAGNEMENT,TAC
3310,BILAN MEDICATION PARTAGE,BMI
3311,PHARMACIE 100%,PH1
3312,PHARMACIE PH4,PH4/PG4
3313,PHARMACIE 65%,PH7/PG7
3314,HORMONE DE CROISSANCE,MX1/PH1
3315,MEDICAMENTS ANTIRETROVIRAUX,MX4/PH7
3316,MEDICAMENTS D  EXCEPTION,MX7/PH7
3317,PHARMACIE HOSPITALIERE A 100%,PHH
3318,PHARMACIE HOSPITALIERE A 65%,PHS
3319,PHARMACIE HOSPITALIERE,PHQ
3320,PHARMACIE HOSPITALIERE EN SUS DU GHS,PH8
3321,FORFAIT PHARMACEUTIQUE EN MATERNITE,PHA
3322,MAJORATION POUR ACHAT HORS HEURES OUVRABLES,UPH
3323,COPIE D  ORDONNANCE,CPH
3324,ECART MEDICAMENT INDEMNISABLE,EMI
3325,MAJORATION PHARMACIE DES ILES,MPI
3326,PREPARATION MAGISTRALE REMBOURSABLE,PMR
3327,PREPARATION MAGISTRALE HOMEOPATHIQUE,PMH
3328,MEDICAMENTS  HOMEOPATHIQUES UNITAIRES,MHU
3329,FORFAIT MEDICAMENT IVG VILLE,FMV
3330,ECART INDEMNISABLE RETROCESSION,ERI
3331,VACCIN ANTI-GRIPPE,PH7/ANTI GRIPPE
3332,VACCIN ROR,PH7/ROR
3333,ANTI PALUDEEN,PH7/ANTI PALUDEEN
3334,Vaccin anti grippe Hémisphère Sud VAXIGRIP HS,GS1
3335,Vaccin anti grippe Hémisphère Sud FLUARIX HS,GS2
3336,PHARMACIE SOUS ATU SEJOUR,PHX
3337,FORFAIT FAUSSE COUCHE VILLE,FFC
3338,FORFAIT FAUSSE COUCHE VILLE SANS ÉCHOGRAPHIE,FFV
3339,FORFAIT FAUSSE COUCHE ETABLISSEMENT AVEC ECHOGRAPHIE,FEF
3340,FORFAIT FAUSSE COUCHE ETABLISSEMENT SANS ECHOGRAPHIE,FFE
3341,PHARMACIE 15%,PH2
3342,PREPARATION MAGISTRALE ALLOPATHIQUE 15 %,PM2
3343,PREPARATION MAGISTRALE ALLOPATHIQUE,PM4
3344,ACCOMPAGNEMENT ANTIVITAMINE K INITIAL,AKI
3345,ACCOMPAGNEMENT ANTIVITAMINE SUIVANT,AKS
3346,ACCOMPAGNEMENT ANTICOAGULANTS ORAUX INITIAL,AOI
3347,ACCOMPAGNEMENT ANTICOAGULANTS ORAUX DIRECTS SUIVANT,AOS
3348,ACCOMP. SUIVI INITIAL,ASI
3349,ACCOMP. SUIVI SUPPL.,ASS
3350,BILAN MEDICATION AVEC CHANGEMENT DE TRAITEMENT,BMT
3351,MEDICAMENT AVEC UNE AUTORISATION TEMPORAIRE D'UTILISATION,PHU
3352,PREPARATION MAGISTRALE HOSPITALIRE,PHM
3353,PREPARATION HOSPITALIERE,PHP
3354,MEDICAMENT AVEC AUTORISATION D'IMPORTATION,PHI
3355,MARGE FORFAITAIRE (MEDICAMENTS HOSPITALIERS),MAR
3356,PHARMACIE HOSPITALIERE DEROGATOIRE,PHD
3357,PHARMACIE HOSPITALIERE MMH,PHT
3358,ACCOMPAGNEMENT CHIMIOTHERAPIE PATIENTS SOUS TRAITEMENTS ANTICANCEREUX AU LONG COURS POUR L'ANNEE INITIALE,AC1
3359,TROD ANGINE PHARMACIEN,TRD
3360,VACCINATION GRIPPE PHARMACIEN,VGP
3361,GARDE PHARMACIE NUIT,GPN
3362,GARDE PHARMACIE FERIE,GPF
3363,GARDE PHARMACIE DIMANCHE,GPD
3364,HONORAIRE MEDICAMENT REMBOURSABLE,HDR
3365,HONORAIRE DISPENSATION EN LIEN AVEC AGE,HDA
3366,HONORAIRE DE DISPENSATION MEDICAMENTS SPECIFIQUES,HDE
3367,BILAN MEDICATION SANS CHANGEMENT DE TRAITEMENT,BMS
3368,ACCOMPAGNEMENT CHIMIOTHERAPIE AUTRES TRAITEMENTS ANTICANCEREUX (PREMIERE ANNEE),AC2
3369,CODE TRACEUR DISPENSATION ADAPTEE,DAD
3370,ACCOMPAGNEMENT CHIMIOTHERAPIE SOUS TRAITEMENTS ANTICANCEREUX AU LONG COURS,AC3
3371,PAIEMENT PONCTUEL PHARMACIE COVID,RTR
3372,PAIEMENT PONCTUEL PHARMACIE,CTR
3373,PHARMACIE EN SUS DU GMT,PH9
3374,KIT ANTI-GRIPPE,KGP
3375,REMUNERATION PHARMACIENS POUR VACCINS H1N1,
3376,ACCOMPAGNEMENT CHIMIOTHERAPIE AUTRES TRAITEMENTS ANTICANCEREUX,AC4
3377,SPECIALITE PHARMACEUTIQUE ONEREUSE SSR,SPO
3378,CONTESTATION ROSP TRANSMISSION RPPS,CTR
3379,Honoraire de dispensation spécifique vaccins anti grippaux Hémisphère Sud,HDS
3380,HONO DISP COMP,HC
3381,PREPARATION PHARMACEUTIQUE INDIVIDUALISEE (ALLERGENES),PPI
3382,PRISE EN CHARGE DEROGATOIRE PHARMACIE,PDP
3383,HONO DISP 1,HD1
3384,HONO DISP 2,HD2
3385,HONO DISP 4,HD4
3386,HONO DISP 7,HD7
3387,HONO DISP GC 1,HG1
3388,HONO DISP GC 2,HG2
3389,HONO DISP GC 4,HG4
3390,HONO DISP GC 7,HG7
3391,REMU  OBJECTIF - PHARMACIEN,ROP
3392,REMU OBJECTIF - PHARMACIEN COMPLEMENT,COP
3393,ROSP AVK,AVK
3394,ROSP AVK COMPLEMENT,CVK
3395,Plan personnalisé de santé pharmacie,PPH
3396,ROSP ASTHME,AHM
3397,ROSP ASTHME COMPLEMENT,CHM
3398,ROSP TRANSMISSION RPPS,RTR
3399,REMUNERATION PHARMACIENS POUR VACCINS H1N1 - REGULARISATION COMPTABLE ET SAISIE MANUELLE,
3400,REMUNERATION DISPENSATION ADAPTEE,DA1
3401,CONTESTATION DISPENSATION ADAPTEE,DA2
3402,TELESOINS PHARMACIE,TPH
3403,REMUNERATION PHARMACIEN COVID 19,KGP
3404,ENTRETIEN FEMME ENCEINTE,EFE
3405,REMUNERATION LABO TESTS PCR COVID 19,RLC
3406,REMU PHARMACIEN CANCER COLOREC.,RPC
3407,CONTESTATION PHARM CANCER COLO.,PCC
3408,REMISE KIT DCC,RKD
3410,DISPENSATION PHARMACIE A DOMICILE,DDO
3411,"SANG,PLASMA ET LEURS DERIVES",SNG
3412,TRANSPORT DU PRODUIT,TSG
3413,LAIT HUMAIN,LAI
3414,AUTRES PRODUITS D  ORIGINE HUMAINE,HUM
3415,RAPPEL VACCIN ADULTE PHARMACIEN,RVA
3416,PHIE DEPISTAGE INFECTION URINAIRE,PEE
3417,ROSP PHIE BON USAGE PDT SANTE,BUP
3418,REMU PHIE DEP INFEC URINAIRE,PWC
3419,REMU PHIE DISPENSATION DOM,DDP
3420,REMU PHIE DISPENSATION UNITE,DUP
3421,PHIE EN AAC ET AAP - SEJOUR SSR,PHY
3423,RDV PREVENTION PHARMACIE,RDP
3424,PRESCRIPTION RENFORCEE REMBOURSABLE,PRR
3425,PRESCRIPTION RENFORCEE INVALIDE,PRI
3500,"VERRE DE CLASSE B, UNIFOCAL SPHERO-CYLINDRIQUE A SPHERE POSITIVE COMPLEXE",VU7
3501,"VERRE DE CLASSE B, UNIFOCAL SPHERO-CYLINDRIQUE A SPHERE NEGATIVE TRES COMPLEXE",VU6
3502,"VERRE DE CLASSE B, UNIFOCAL SPHERO-CYLINDRIQUE A SPHERE POSITIVE SIMPLE",VU3
3503,"VERRE DE CLASSE B, UNIFOCAL SPHERO-CYLINDRIQUE A SPHERE NEGATIVE SIMPLE",VU2
3504,"VERRE DE CLASSE B, NEUTRE OU UNIFOCAL SPHERIQUE SIMPLE",VU1
3505,MONTURE ENFANT DE CLASSE A,M02
3506,MONTURE ADULTE DE CLASSE A,M01
3507,"VERRE DE CLASSE A, MULTIFOCAL OU PROGRESSIF TRES COMPLEXE",V04
3508,"VERRE DE CLASSE A, MULTIFOCAL OU PROGRESSIF COMPLEXE",V03
3509,"VERRE DE CLASSE A, UNIFOCAL COMPLEXE",V02
3510,"VERRE DE CLASSE A, NEUTRE OU UNIFOCAL SIMPLE",V01
3511,"APPAREILS D  ASSISTANCE RESPIRATOIRE,OXYGENOTHERAPIE A DOMICILE",AAR
3512,AUTRES MATERIELS POUR TRAITEMENTS A DOMICILE (CHAP. 1),AAD
3513,MATERIELS ET APPAREILS DE CONTENTION ET DE MAINTIEN (CHAP. 2),MAC
3514,MATERIELS ET APPAREILS POUR TRAITEMENTS DIVERS (CHAP. 3),MAD
3515,ARTICLES DE PANSEMENTS (CHAP. 4),PAN
3516,NUTRIMENTS POUR INTOLERANTS AU GLUTEN (CHAP. 3),GLU
3517,ALIMENTS DESTINES A DES FINS MEDICALES,NUT
3518,APPAREIL GENERATEUR D AEROSOL,ARO
3519,"VERRE DE CLASSE B, MULTIFOCAL OU PROGRESSIF SPHERO-CYLINDRIQUE A SPHERE NEGATIVE SIMPLE",VM2
3520,"VERRE DE CLASSE B, MULTIFOCAL OU PROGRESSIF SPHERO-CYLINDRIQUE A SPHERE POSITIVE SIMPLE",VM3
3521,ORTHESES (PETIT APPAREILLAGE) (CHAP. 1),PA
3522,DIVERS ORTHESES,DVO
3523,MONTURE MOINS DE 18 ANS CMU,OME
3524,OPTIQUE ENFANT -A- MULTIFOCAUX (CMU),OVA
3525,OPTIQUE ENFANT -B- MULTIFOCAUX (CMU),OVB
3526,OPTIQUE -N°6 MULTIFOCAUX (CMU),OP7
3527,OPTIQUE -ENFANT-N°1 UNIFOCAUX (CMU),OV1
3528,OPTIQUE -ENFANT-N°2 UNIFOCAUX (CMU),OV2
3529,OPTIQUE -ENFANT-N°3 UNIFOCAUX (CMU),OV3
3530,OPTIQUE -ENFANT-N°4 UNIFOCAUX (CMU),OV4
3531,OPTIQUE MEDICALE PROPREMENT DIT,OPT
3532,MONTURE/LUNETTE POUR ENFANT DE - DE 18 ANS CRPCEN (HORS CODAGE LPP),LUN/LNE
3533,VERRES / VERRES POUR ENFANT<18 ans -CRPCEN- (hors codage LPP),VER/OPE
3534,REPARATION,OPR/ROM/ROV
3535,LENTILLES OPTIQUES,LEN
3536,VERRES UNIFOCAUX OP1 (CMU),OP1
3537,VERRES UNIFOCAUX OP2 (CMU),OP2
3538,VERRES UNIFOCAUX OP3 (CMU),OP3
3539,VERRES UNIFOCAUX OP4 (CMU),OP4
3540,PROTHESE AUDITIVE RAC ZERO,PAZ
3541,APPAREILS ELECTRONIQUES DE SURDITE  (CHAP 3.),PAU/AUA
3542,PROTHESES EXTERNES NON ORTHOPEDIQUES (CHAP. 4),PEX
3543,PROTHESES OCULAIRES ET FACIALES (CHAP. 5),POC
3544,CHAUSSURES ORTHOPEDIQUES (CHAP. 6),COR
3545,ORTHOPROTHESES (CHAP 7.),ORP
3547,APPAREILS ELECTRONIQUES DE SURDITE (CONSOMMABLES Y.C. PILES),AUP
3548,ORTHOPROTHESES COUTEUSES,OPC
3549,PROCESSEUR POUR IMPLANT OSTE-INTEGRE,PIO
3550,PROTHESE AUDITIVE SUIVI,SUI
3551,"IMPLANT INTERNE (CHAP. 1, 2 ET 3)",PII
3552,IMPLANT MU PAR ELECTRICITE (CHAP. 4),PME
3553,OPTIQUE -ENFANT-N°5 UNIFOCAUX (CMU),OV5
3554,OPTIQUE -ENFANT-N°6 UNIFOCAUX (CMU),OV6
3555,OPTIQUE -ENFANT-N°7 UNIFOCAUX (CMU),OV7
3556,OPTIQUE -ENFANT-N°8 UNIFOCAUX (CMU),OV8
3557,OPTIQUE -ENFANT-N°9 UNIFOCAUX (CMU),OV9
3558,LPP DEPAST PRIX LIMITE DE VENTE,PDZ
3559,"VERRE DE CLASSE B, MULTIFOCAL OU PROGRESSIF SPHERIQUE SIMPLE",VM1
3560,"VERRE DE CLASSE B, UNIFOCAL SPHERIQUE COMPLEXE",VU4
3561,VEHICULES POUR HANDICAPES PHYSIQUES,VEH
3562,"VERRE DE CLASSE B, UNIFOCAL SPHERO-CYLINDRIQUE A SPHERE NEGATIVE COMPLEXE",VU5
3563,MONTURE ADULTE DE CLASSE B,M03
3564,MONTURE ENFANT DE CLASSE B,M04
3565,OPTIQUE - ADAPTATION VERRE DE CLASSE A,S01
3566,"VERRE DE CLASSE B, MULTIFOCAL OU PROGRESSIF SPHERIQUE COMPLEXE",VM4
3567,"VERRE DE CLASSE B, MULTIFOCAL OU PROGRESSIF SPHERO-CYLINDRIQUE A SPHERE NEGATIVE COMPLEXE",VM5
3568,"VERRE DE CLASSE B, MULTIFOCAL OU PROGRESSIF SPHERO-CYLINDRIQUE A SPHERE NEGATIVE TRES COMPLEXE",VM6
3569,"VERRE DE CLASSE B, MULTIFOCAL OU PROGRESSIF SPHERO-CYLINDRIQUE A SPHERE POSITIVE COMPLEXE",VM7
3570,OPTIQUE - AUTRE SUPPLEMENT,SV3
3572,ECART TIPS INDEMNISABLE,ETI
3573,FOURNITURE ET EQUIPEMENT DEROGATOIRES,FED
3574,DISPOSITIF MEDICAL (PRISE EN CHARGE EXCEPTIONNELLE),PDM
3575,COMPLEMENT AT 150% LPP,ATL
3576,PRESTATION PARTICULIERE ET PANDEMIE,PPP
3577,DELIVRANCE TAG PHIE,DTG
3578,OPTIQUE CLASSE A - SUPPLEMENT POUR MONTURE DE LUNETTES A COQUE - MOINS DE 6 ANS,MS1
3579,OPTIQUE CLASSE B - SUPPLEMENT POUR MONTURE DE LUNETTES A COQUE - MOINS DE 6 ANS,MS2
3580,OPTIQUE - ADAPTATION VERRE DE CLASSE B,SV1
3581,VERRES UNIFOCAUX OP5(CMU),OP5
3582,VERRES UNIFOCAUX OP6(CMU),OP6
3583,MONTURE (CMU),OPM
3584,"OPTIQUE - APPAIRAGE NIVEAU 1, 2 OU 3 VERRE DE CLASSE A",SV2
3585,OPTIQUE ¿ SUPPLEMENT POUR VERRES TEINTES (PLAFONNE),SV4
3586,PROTHESE AUDITIVE PANIER 1 - RESTE A CHARGE ZERO - OREILLE GAUCHE,P1G
3587,PROTHESE AUDITIVE PANIER 1 - RESTE A CHARGE ZERO - OREILLE DROITE,P1D
3588,PROTHESE AUDITIVE PANIER 2 - AVEC RESTE A CHARGE - OREILLE GAUCHE,P2G
3589,PROTHESE AUDITIVE PANIER 2 - AVEC RESTE A CHARGE - OREILLE DROITE,P2D
3590,PROTHESES AUDITIVES - ACCESSOIRES,APA
3591,PRISE EN CHARGE DEROGATOIRE LPP,PCD
3592,PEC EXCEPTIONNELLE DÉPASSEMENT LPP,DLE
3593,TELESURVEILLANCE : FOURNISSEUR DE LA SOLUTION,TSF
3594,PEC EXCEPTIONNELLE DEPASSEMENT LPP TP,DLT
3595,PROTHESES AUDITIVES - PILES,PIL
3596,DELIVRANCE DE MASQUE,MSQ
3597,TELESURVEILLANCE COMMUN,TL1
3598,DELIVRANCE AUTOTESTS EN PHIE,OTO
3599,REALISATION TAG EN PHIE,RTG
3600,PRESERVATIFS GRATUITS,PRV
3601,TELESURVEILLANCE DEROGATOIRE,TL2
3602,SUPPLT CONDITIONNEL OPTIQUE CLS A,SOA
3610,SUPPLEMENT DEROGATOIRE SG SUR PRESTATION PHARMACIE NON REMBOURSABLE (CNMSS),SGN
3611,SUPPLEMENT DEROGATOIRE SG SUR PRESTATION SANITAIRE NON REMBOURSABLE (CNMSS),SGS
3612,SUPPLEMENT DEROGATOIRE SG SUR PRESTATION SANITAIRE REMBOURSABLE (CNMSS),DPS
4111,FORFAIT DE SURVEILLANCE MEDICALE  1ER HANDICAP,STH
4112,FORFAIT DE SURVEILLANCE MEDICALE REDUIT  2EME HANDICAP,THR
4113,PRATIQUES MEDICALES COMPLEMENTAIRES COTEES EN K,KTH
4114,COMPLEMENT SURVEILLANCE THERMALE,CST
4131,FRAIS DE TRANSPORT - CURES THERMALES,TTH
4132,FRAIS D  HOTEL - CURES THERMALES,HTH
4141,FORFAIT THERMAL 1,TH1
4142,FORFAIT THERMAL 2 AVEC KINESITEHRAPIE,TH2
4143,FORFAIT THERMAL 2EME ORIENTATION,TH3
4144,FORFAIT THERMAL 3 AVEC 9 SEANCES KINESITHERAPIE,TH4
4145,FORFAIT THERMAL 72 SEANCES AVEC KINE,TH5
4151,FORFAIT THERMAL 18 SEANCES COLLECTIVES,MK1
4152,FORFAIT THERMAL 18 SEANCES INDIVIDUELLES,MK2
4153,FORFAIT THERMAL 9 SEANCES COLLECTIVES,MK3
4154,FORFAIT THERMAL 9 SEANCES INDIVIDUELLES,MK4
4155,THERMAL-SEVRAGE DES PSYCHOTROPES,FSB
4156,THERMAL-SUITE CANCER DU SEIN,FKS
4157,THERMAL-TROUBLE COMPORTEMENT 72 SEANCES,TC1
4158,THERMAL-TROUBLE COMPORTEMENT 108 SEANCES,TC2
4159,DETECTION FRAGILITE SENIOR MILIEU THERMAL,DFG
4203,SUPPLEMENT TRANSPORT PERSONNE MOBILITE REDUITE,TMR
4204,FORFAIT TRANSPORT URGENCE EXTRAMUROS CPAM MEUSE,FUE
4205,FORFAIT TRANSPORT URGENCE INTRAMUROS CPAM MEUSE,FUI
4206,PRESTATION FIN DE GARDE AMBULANCE,AFG
4207,FORFAIT TRANSPORT D'URGENCE EXPERIMENTATION CPAM AUDE,FTU
4208,FORFAIT D'URGENCE SUR APPEL DU SAMU EXPERIMENTATION CPAM BOUCHES-DU-RHONE,FUS
4209,COMPLEMENT TRANSPORTS D'URGENCE,CTU
4210,Taxi tarif A,TXA
4211,SERVICES MOBILES D  URGENCE ET DE REANIMATION (SMUR),SMU
4212,AMBULANCES AGREEES,ABA
4213,VEHICULES SANITAIRES LEGERS (VSL),VSL
4214,TAXIS,TXI
4215,VEHICULES PERSONNELS,VP
4216,TRANSPORT REEDUCATION PROFESSIONNEL,TRP
4217,Taxi tarif B,TXB
4218,Taxi tarif C,TXC
4219,AUTRES MODES DE TRANSPORT,ATP
4220,Taxi tarif D,TXD
4221,AMBULANCE AGREEE DE GARDE,ABG
4222,INDEMNITE DE GARDE AMBULANCIERE,ING
4223,PART ASSOCIATION TRANSPORTEUR,
4224,PRATIQUE DE GEO LOCALISATION PAR DISPOSITIF EMBARQUE,PGE
4225,FORFAIT TRANSPORT PARTAGE PAR 2 PERSONNES,TS2
4226,FORFAIT TRANSPORT PARTAGE PAR 3 PERSONNES,TS3
4227,CONTRAT D'AMELIORATION DE LA QUALITE ET DE LA COORDINATION DES SOINS,CAQ
4228,CONTRAT D'AMELIORATION DE LA QUALITE ET DE LA COORDINATION DES SOINS COMPLEMENT,CAC
4229,Taxi tarif F,TXF
4230,PAIEMENT SORTIE BLANCHE,ASB
4231,COMPLEMENT MINIMUM GARANTI,ARC
4232,INTERVENTION DURANT GARDE,AIG
4233,INTERVENTION HORS GARDE,AHG
4234,INDICIAIRE TRANSPORT PARTAGE,ITP
4235,REMBT FRAIS PARKING,MRS
4236,AVION EVACUATION SANITAIRE,AEV
4237,AVION TRANSPORT SANITAIRE,ATS
4238,BATEAU EVACUATION SANITAIRE,BEV
4239,BATEAU TRANSPORT SANITAIRE,BTS
4240,TRAIN EVACUATION SANITAIRE,TEV
4241,TRAIN TRANSPORT SANITAIRE,TTS
4310,FRAIS EXPERTISE CONTENTIEUX MALADIE,FEC
4311,FRAIS DE DEPLACEMENT - ENQU'TE LEGALE AT,DEL
4312,FRAIS DE DEPLACEMENT - COLLEGE 3 MEDECINS,DCM
4313,HONORAIRES,HCM
4314,ENQUETE,ENQ
4315,AUTOPSIE,AUT
4316,FRAIS EXPERTISE AMIABLE,EXP
4317,HONORAIRE COMITE  REGIONAL  RECONNAISSANCE Maladie  Professionnelle,HMP
4318,DEPLACEMENT COMITE REGIONAL RECONNAISSANCE MP,DPH
4319,DEPLACEMENT PERSONNE ENTENDUE (CRRMP),DPE
4320,AVIS SAPITEUR,ECP
4321,FRAIS FUNERAIRES,FUN
4322,TRANSPORT DU CORPS,TRC
4323,INDEMNITE ALLOUEE EN REPARATION DES PREJUDICES EXTRA-PATRIMOMIAUX,PDO
4324,INDEMNITE DE CHANGEMENT D  EMPLOI,ICE
4325,INDEMNITE COMPLEMENTAIRE POUR REEDUCATION PROFESSIONNELLE,ICR
4326,PRETIUM PULCHRITUDINIS,PPU
4327,PRETIUM SEXUALE,PSE
4328,PREJUDICE D'AGREMENT,PAG
4329,PREJUDICE PERTE OU DIMINUTION PROMOTION PROFESSIONNELLE,PPD
4330,PREJUDICES EXTRA PATRIMONIAUX - HORS IV,PNC
4331,"REMBOURSEMENTS DE SOINS A L  ETRANGER (ET1 A ET6 ET ET8 A ET9, ETB ETA, ETH, ETT, ETP, ETX )",ETR
4332,PREJUDICE AMIANTE,PPA
4333,FRAIS EXPERTISE CTX AT,FEA
4339,REMBOURSEMENT DE SOINS,RES
4341,FRAIS DE TUTELLE,
4342,COTISATIONS A.T. EN CAS DE READAPTATION FONCTIONNELLE,CRF
4343,COTISATIONS A.T. EN CAS DE REEDUCATION PROFESSIONNELLE,CRP
4351,PRIME DE FIN DE REEDUCATION,PFR
4352,AUTRES PRESTATIONS DIVERSES,
4353,"INDEMNITE POUR PERTE DE SALAIRE (MALADIE, AT)",IPS
4359,FORFAIT UTILISATION DES TELESERVICES,IUS
4360,FORFAIT PARTICIPATION A LA TELETRANSMISSION,FPT
4361,FACTURATION FEUILLE DE SOINS (POUR INFORMATION),FFS
4363,AIDE A LA FACTURATION FEUILLE DES FLUX NON SECURISES,FFN
4364,AIDE MAINTENANCE TELETRANSMISSION,AMT
4365,AIDE PORTABLE TELETRANSMISSION,APT
4366,AIDE DEMARRAGE TELETRANSMISSION,ADT
4367,AIDE ADHESION RAPIDE DISPOSITIF,ARD
4368,FORFAIT STRUCTURE CENTRE DE SANTE,FCS
4369,FORFAIT PROFESSIONNEL DE SANTE CENTRE DE SANTE,FPS
4370,FORFAIT D'INCITATION FORFAITAIRE A LA NUMERISATION ET A LA TRANSMISSION,IFT
4371,FORFAIT DE SOINS MEDICALISES (REGIME DES MINISTRES DES CULTES ET DES MEMBRES CONGR. ET COLL.RELIGIEUSES),FSM
4372,FORFAIT REPOS CONVALESCENCE (REGIME DES MINISTRES DES CULTES ET DES MEMBRES CONGR. ET COLL.RELIGIEUSES),FRC
4373,EXAMEN DE SANTE,EDS
4374,MÉCANISME DE COMPENSATION AUX CENTRES DE SANTÉ,MDS
4375,AIDE OUTIL DE MISE A JOUR,OMJ
4376,LIGNE TELEPHONIQUE DEDIEE,LTD
4377,PIED SUPPORT MATERIEL,PSM
4378,SUPPLEMENT OFFICINE DOM,SOD
4379,AVANCE RÉMUNÉRATION SPÉCIFIQUE CENTRES DE SANTÉ,ADS
4380,SOLDE RÉMUNÉRATION SPÉCIFIQUE CENTRES DE SANTÉ,SDS
4381,ACTES NON NOMENCLATURE,HN
4382,PHARMACIE NON REMBOURSABLE,PHN
4391,RESPONSABILITE CIVILE PROFESSIONNELLE,RCP
4392,RESPONSABILITE CIVILE ECHOGRAPHIE OBSTETRICALE,RCO
4393,RESPONSABILITE CIVILE CHIRURGIE 1,RC1
4394,RESPONSABILITE CIVILE CHIRURGIE 2,RC2
4395,RESPONSABILITE CIVILE ANESTHESIE REANIMATION,RCA
4396,PRIME RESPONSABILITE SPECIALISTE,PRS
4397,PRIME ACCREDITATION SPECIALISTE,ACR
4411,AIDE SOCIALE,
4412,DISPENSAIRES ANTITUBERCULEUX,
4413,DISPENSAIRES ANTIVENERIENS,
4414,HYGIENE MENTALE,
4415,ETABLISSEMENTS DE LUTTE CONTRE LA TUBERCULOSE,
4416,PROTECTION MATERNELLE ET INFANTILE,
4417,AUTRES PARTICIPATIONS FORFAITAIRES NON INDIVIDUALISEES,
4419,AUTRES DEPENSES NON INDIVIDUALISEES,
4501,CONTROLES MEDICAUX (CLERCS ET EMPLOYES DE NOTAIRES),CNT
4511,CAPITAL DECES,CDC
4512,FORFAIT CDC COTISANT  TI,FCC
4513,FORFAIT CDC RETRAITE TI,FRI
4514,FORFAIT CDC POLY-RETRAITE,FPR
4515,ALLOCATION ORPHELIN D'UN TRAVAILLEUR INDEPENDANT DECEDE,AOT
4611,FORFAIT DIVERS PAYES A LA STRUCTURE DE SOINS (FILIERES ET RESEAUX),FDI
4612,FORFAIT D EDUCATION THERAPEUTIQUE ET D INTERESSEMENT (FILIERES ET RESEAUX),FET
5101,FORFAIT VERRES UNIFOCAUX OP1,OP1
5102,FORFAIT VERRES UNIFOCAUX OP2,OP2
5103,FORFAIT VERRES UNIFOCAUX OP3,OP3
5104,FORFAIT VERRES UNIFOCAUX OP4,OP4
5105,FORFAIT VERRES UNIFOCAUX OP5,OP5
5106,FORFAIT VERRES UNIFOCAUX OP6,OP6
5107,FORFAIT MONTURE CMU,OPM
5108,FORFAIT CMUC MONTURE MOINS DE 18 ANS OME,OME
5109,FORFAIT MONTURE MOINS DE 18 ANS CMU OV1,OV1
5110,FORFAIT MONTURE MOINS DE 18 ANS CMU OV2,OV2
5111,FORFAIT MONTURE MOINS DE 18 ANS CMU OV3,OV3
5112,FORFAIT MONTURE MOINS DE 18 ANS CMU OV4,OV4
5113,FORFAIT MONTURE MOINS DE 18 ANS CMU OV5,OV5
5114,FORFAIT MONTURE MOINS DE 18 ANS CMU OV6,OV6
5115,FORFAIT MONTURE MOINS DE 18 ANS CMU OV7,OV7
5116,FORFAIT MONTURE MOINS DE 18 ANS CMU OV8,OV8
5117,FORFAIT MONTURE MOINS DE 18 ANS CMU OV9,OV9
5118,FORFAIT MONTURE MOINS DE 18 ANS CMU OVA,OVA
5119,FORFAIT MONTURE MOINS DE 18 ANS CMU OVB,OVB
5120,FORFAIT MONTURE MOINS DE 18 ANS CMU OP7,OP7
5121,"FORFAIT C2S - VERRE DE CLASSE A, NEUTRE OU UNIFOCAL SIMPLE",V01
5122,"FORFAIT C2S - VERRE DE CLASSE A, UNIFOCAL COMPLEXE",V02
5123,"FORFAIT C2S - VERRE DE CLASSE A, MULTIFOCAL OU PROGRESSIF COMPLEXE",V03
5124,"FORFAIT C2S - VERRE DE CLASSE A, MULTIFOCAL OU PROGRESSIF TRES COMPLEXE",V04
5125,FORFAIT C2S - MONTURE ADULTE DE CLASSE A,M01
5126,FORFAIT C2S - MONTURE ENFANT DE CLASSE A,M02
5127,FORFAIT C2S - OPTIQUE - ADAPTATION VERRE DE CLASSE A,S01
5128,FORFAIT C2S - OPTIQUE CLASSE A - SUPPLEMENT POUR MONTURE DE LUNETTES A COQUE - MOINS DE 6 ANS,MS1
5129,"FORFAIT C2S - OPTIQUE - APPAIRAGE NIVEAU 1, 2 OU 3 VERRE DE CLASSE A",SV2
5130,FORFAIT C2S - OPTIQUE ¿ SUPPLEMENT POUR VERRES TEINTES (PLAFONNE),SV4
5201,FORFAIT PROTHESE DENTAIRE ADJOINTE,FDA
5202,FORFAIT REPARATION PROTHESE ADJOINTE,FDR
5203,FORFAIT PROTHESE DENTAIRE CONJOINTE,FDC
5204,FORFAIT ORTHODONTIE,FDO
5205,FORFAIT PROTHESE CONJOINTE (C2S HORS PANIER DE SOINS),FPC
5206,FORFAIT ORTHODONTIQUE (C2S HORS PANIER DE SOINS),FPO
5401,FORFAIT AUDIO-PROTHESE,PAU
5402,FORFAIT C2S  PROTHESE AUDITIVE PANIER 2 - AVEC RESTE A CHARGE - OREILLE GAUCHE,P2G
5403,FORFAIT CMU/C2S PROTHESE AUDITIVE PANIER 2 - AVEC RESTE A CHARGE - OREILLE DROITE,P2D
6011,CARENCE -,CAR-
6012,CARENCE +,CAR +
6013,IJ CARENCE (CRPCEN),IJC
6014,COMPLEMENT IJ >PLAFOND   (CRPCEN),CIJ
6110,IJ NORMALES + 6MOIS,ASN
6111,IJ NORMALES -3 MOIS,NOR-/REN-/MIN-
6112,IJ NORMALES +3MOIS,NOR+/MIN+
6113,IJ REDUITES -3MOIS,1/1-
6114,IJ REDUITES +3MOIS,1/1+
6115,IJ MAJOREES -3MOIS,MAJ-/REN+
6116,IJ MAJOREES +3MOIS,MAJ+/MIJ-/MIJ+
6117,"IJ PARTIELLE,  PERTE DE SALAIRE -3MOIS",MIT-
6118,"IJ PARTIELLE,  PERTE DE SALAIRE +3MOIS",MIT+
6119,IJ MAJOREES + 6 MOIS,ASM
6120,INDEMNITE TEMPORAIRE D'INAPTITUDE AT/MP,ITI
6121,IJ PRENATALES,PRE
6122,IJ POSTNATALES,POS
6123,IJ EN CAS D  ADOPTION,ADO
6124,IJ CONGE SUPPLEMENTAIRE PREMA,ISM
6125,INDEMNITE REMPLACEMENT CONJOINTS COLLABORATEURS TI,IRT+/IRT-
6126,FORFAIT GROSSESSE TAUX PLEIN TI,FGP
6127,FORFAIT GROSSESSE TAUX REDUIT TI,FGR
6128,FORFAIT ADOPTION TAUX PLEIN TI,FAP
6129,FORFAIT ADOPTION TAUX REDUIT TI,FAR
6131,IJ NORMALES POUR CURE THERMALE,CUN-
6132,IJ MAJOREES POUR CURE THERMALE,CUM-
6133,IJ REDUITES POUR CURE THERMALE,CUR-
6134,IJ MALADIE  PAMC MOINS DE 3 MOIS,AAM-
6135,IJ MALADIE  PAMC PLUS DE 3 MOIS,AAM+
6191,INDEMNITE DE NOURRITURE,IDN
6208,FORFAIT CONGE REPIT POUR DECES DE L'ENFANT PAMC,CPD
6209,CONGE REPIT POUR DECES DE L'ENFANT,CRE
6210,IJ PATERNITE HOSPITALISATION ENFANT,PEH-/PEH+
6211,ALLOCATION FEMME ENCEINTE,AFE+/AFE-
6212,IJ CONGE MATERNITE AU PERE,PER
6213,INDEMNITE DE REMPLACEMENT PATERNITE,
6214,IJ CONGE SUPPLEMENTAIRE MATERNITE PAMC,ISP-
6215,IJ CONGE POSTNATAL PAMC,IRN+/IRN-
6221,ALLOCATION REPOS MATERNEL NORMAL,ARM
6222,ALLOCATION REPOS MATERNEL ADOPTION,ARA
6231,IJ CONGE PRENATAL PAMC,IRM+/IRM-
6232,IJ CONGE ADOPTION PAMC,IRA-/IRA+
6233,IJ CONGE PATHOLOGIQUE PAMC,IRP+ / IRP-
6234,INDEMNITE MATERNITE EN CAS DE NAISSANCES MULTIPLES,IRG
6235,IND REMP CC PAMC,IRC
6236,IJ PATERNITE PAMC,IPA-
6237,INDEMNITE PATERNITE CONJOINT PAMC,IPC
6238,INDEMNITES PATERNITE CONJOINT INFIRMIER,IPI
6239,INDEMNITÉ MALADIE DOUBLE ACTIVITÉ  PAMC,IDA
6241,ALLOCATION ACCOMPAGNEMENT FIN DE VIE CESSATION ACTIVITE TEMPS PLEIN,AVP
6242,ALLOCATION ACCOMPAGNEMENT FIN DE VIE CESSATION ACTIVITE REDUITE,AVR
6251,ALLOCATION NUIT NORMALE - 3 MOIS,NNO-
6252,ALLOCATION NUIT NORMALE + 3 MOIS,NNO+
6253,ALLOCATION NUIT MAJOREE  3 ENFANTS - 3 MOIS,NME-
6254,ALLOCATION NUIT MAJOREE  3 ENFANTS + 3 MOIS,NME+
6255,ALLOCATION NUIT MAJOREE ARRET + 6 MOIS,NMN
6256,ALLOCATION NUIT MAJOREE ARRET + 6 MOIS ET 3 ENFANTS,NEN
6257,ALLOCATION EXPOSITION NORMALE - 3 MOIS,ENO-
6258,ALLOCATION EXPOSITION NORMALE + 3 MOIS,ENO+
6261,ALLOCATION EXPOSITION MAJOREE 3 ENFANTS - 3 MOIS,EME-
6262,ALLOCATION EXPOSITION MAJOREE 3 ENFANTS + 3 MOIS,EME+
6263,ALLOCATION EXPOSITION ARRET + 6 MOIS,EMN
6264,ALLOCATION EXPOSITION ARRET + 6 MOIS ET 3 ENFANTS,EEN
6311,RDS IJ MATERNITE,
6312,RDS ALLOC MATERNITE,
7111,PENSION INVALIDITE AVANTAGES DE BASE,PI/RPI
7112,PENSION INVALIDITE ALLOCATIONS SUPPLEMENTAIRES,FN/RFN
7113,PENSION INVALIDITE MAJORATIONS POUR ASSISTANCE D  UNE TIERCE PERSONNE,TP/RTP
7119,PENSIONS D  INVALIDITE SERVIES PAR LE REGIME SPECIAL DE SECURITE SOCIALE DANS LES MINES,
8111,RENTES DE VICTIME,RVI
8112,MAJORATIONS POUR ASSISTANCE D  UNE TIERCE PERSONNE,MTP
8113,RENTES DE CONJOINT SURVIVANT,RCS
8114,RENTES DE REVERSION,REV
8115,RENTES D  ORPHELIN,ROR
8116,RENTES D  ASCENDANT,RAS
8117,MAJORATION FAUTE INEXCUSABLE RENTE ASCENDANT,FIA
8118,MAJORATION FAUTE INEXCUSABLE RENTE VICTIME,FIR
8119,MAJORATION FAUTE INEXCUSABLE RENTE CONJOINT,FIC
8120,MAJORATION FAUTE INEXCUSABLE RENTE ORPHELIN,FIO
8121,PRESTATION COMPLEMENTAIRE POUR RECOURS A TIERCE PERSONNE,PTP
8221,MAJORATIONS CRISTALLISEES,MCR
8222,RACHAT OBLIGATOIRE,ROB
8223,RACHAT FACULTATIF TOTAL,RFT
8224,RACHAT FACULTATIF PARTIEL,RFP
8225,TRANSFERT DE CAPITAUX,
8226,INDEMNITE EN CAPITAL ACCIDENT DU TRAVAIL,ICA
8227,MAJORATION FAUTE INEXCUSABLE INDEMNITE EN CAPITAL,FII
9111,COMPLEMENT TICKET MODERATEUR,P01
9112,COMPLEMENT FRAIS DE TRANSPORT ET DE SEJOUR,P02
9113,FRAIS OCCASIONNE PAR LE DON D ORGANES,P03
9114,COMPLEMENT AUX FRAIS D HOSPITALISATION DE LA MERE QUI ALLAITE SON ENFANT,P04
9115,PERTE DE SALAIRE POUR ENFANT MALADE,P05
9116,INDEMNITES JOURNALIERES MATERNITE POUR CERTAINES CATEGORIES D ASSURES,P06
9118,FRAIS FUNERAIRES,P08
9119,COMPLEMENT POUR CURE THERMALE,P10
9121,COMPLEMENT TICKET MODERATEUR POUR ENFANT DE MOINS D UN AN,P11
9122,ALLOCATION DECES,P12
9123,COMPLEMENT MALADIES CHRONIQUES ET MAINTIEN A DOMICILE,P13
9129,INDEMNITES COMPLEMENTAIRES EN REEDUCATION PROFESSIONNELLE,P09
9131,INDEMNITE DE PERTE DE SALAIRE Y COMPRIS  DIALYSE A DOMICILE,PSD/IPS
9132,FRAIS DE DEPLACEMENT EN CURE THERMALE,TTH
9133,FRAIS D  HEBERGEMENT EN CURE THERMALE,HTH
9134,PRIME DE FIN DE REEDUCATION PROFESSIONNELLE,PFR
9135,AIDE FINANCIERE EXCEPTIONNELLE (SECOURS),SEC
9141,MAJORATION LIEE A UNE VISITE D  URGENCE,VA
9142,MAJORATION LIEE A UN K D  URGENCE,KAU
9143,SUPPLEMENT POUR SOINS AUX POLYTRAUMATISES,
9144,HONORAIRES REMUNERANT LA PERMANENCE TELEPHONIQUE SUR LA BASE DE 3 C DE L HEURE (ASTREINTE),
9151,PLAN SEGUIN,
9152,PLAN EVIN,
9161,PRESTATIONS SUPPLEMENTAIRES ALSACE-MOSELLE,
9162,SURVEILLANCE MEDICALE MATERNELLE EN ACTION SANITAIRE ET SOCIALE,SNM
9163,CENTRE EXAMEN SANTE  SAISIE MANUELLE,
9164,PRESTATIONS D ASS SNCF ET REGIME GENERAL,
9165,PRESTATIONS D ASS SNCF ET REGIME GENERAL,
9166,PRESTATIONS D ASS SNCF ET REGIME GENERAL,
9167,PRESTATIONS D ASS SNCF ET REGIME GENERAL,
9168,PRESTATIONS D ASS SNCF ET REGIME GENERAL,
9169,PRESTATIONS D ASS SNCF ET REGIME GENERAL,
9170,PRESTATIONS D ASS SNCF ET REGIME GENERAL,
9191,TICKET MODERATEUR - PREVENTION BUCCO-DENTAIRE,
9201,ENTRETIEN EVALUATION,EEP
9202,SEANCE DE SUIVI,APS
9203,SEANCE DE SUIVI A DISTANCE,PSS
9204,DEPISTAGE MALADIES SURCHARGE-DYSLIPEMIE,DMS
9205,DEPISTAGE CONDUITE ADDICTIVE,DCA
9206,DEPISTAGE AMIANTE,DAM
9207,DEPISTAGE SURDITE,DSU
9208,DEPISTAGE SCOLAIRE ENFANT,DSE
9210,FORMATION DEPISTAGE SCOLAIRE,FDS
9211,VACCIN (MILITAIRES) / VACCIN GRIPPE (CRPCEN),VCC/VAC
9212,FORMATION LANGAGE ENSEIGNANT,FLE
9221,TEST DE DEPISTAGE RAPIDE (FOURNISSEUR),TDF
9311,DEPISTAGE DU CANCER COLO-RECTAL,BD4
9312,DEPISTAGE DU CANCER DU SEIN (PREVENTION MALADIE),
9313,FRAIS DE LECTURE POUR MAMMOGRAPHIE,BD3
9318,ANALYSES DEPISTAGE CANCER UTERUS (PREVENTION MALADIE),
9319,PRELEVEMENTS DEPISTAGE CANCER UTERUS (PREVENTION MALADIE),
9411,CONSULTATION HYGIENE BUCCO-DENTAIRE,
9412,HYGIENE BUCCO-DENTAIRE N91 (SCELLEMENT D  UNE MOLAIRE),
9413,HYGIENE BUCCO-DENTAIRE N92 (SCELLEMENT DE DEUX MOLAIRES),
9414,HYGIENE BUCCO-DENTAIRE N93 (SCELLEMENT DE TROIS MOLAIRES),
9415,HYGIENE BUCCO-DENTAIRE N94 (SCELLEMENT DE QUATRE MOLAIRES),
9421,PREVENTION BUCCO-DENTAIRE: CONSULTATION,BDC
9422,PREVENTION BUCCO-DENTAIRE: RADIO DEUX CLICHES,BR2
9423,PREVENTION BUCCO-DENTAIRE: RADIO QUATRE CLICHES,BR4
9424,PREVENTION BUCCO-DENTAIRE: RADIO EN IMAGERIE NUMERISEE,RIN
9425,TM POUR DC (MSA),
9426,TM POUR SC(MSA),
9427,TM POUR Z(MSA),
9429,CAMPAGNE BUCCO DENTAIRE MOCALES,BD2
9430,TM DE L'ACTE DE VACCINATION GRIPPE A/H1N1,
9431,PREVENTION ENTRETIEN DE SANTE,PES
9432,TM DES INDEMNITES DE DEPLACEMENTS ID et MD,
9433,TM DE LA RETINOPATHIE DIABETIQUE,
9434,ACTE DE DEPISTAGE DU CANCER COLORECTAL,DCC
9435,BUCCO DENT. CONSULTATION COMPLEXE,BDX
9436,BUCCO DENT. CONSULTATION ET RADIO PANORAMIQUE,BRP
9511,EXAMEN ET BILAN DE SANTE,BDS/EDS
9512,AUTRES ACTIONS COLLECTIVES DE PREVENTION,BD5
9513,CONSULTATION PREVENTION,BD6
9514,CONSULTATION DIETETIQUE,BD7
9521,ACTES DE PREVENTION,PDI
9566,TRAITEMENT NICOTINIQUE DE SUBSTITUTION,TNS
9567,REMUNERATION ADHESION SOPHIA (PREVENTION),RSO
9568,REMUNERATION RENOUVELLEMENT SOPHIA (PREVENTION),RSR
9569,RETOUR DOM. INSUFFISANT CARDIAQUE,RAD
9570,BRONCHO-PNEUMOPATHIE CHRONIQUE OBSTRUCTIVE,BPC
9605,GESTION DU REPIT,GDR
9701,"COMPLEMENT D ACTION SOCIALE APPAREIL DE SURDITE (CLERCS ET EMPLOYES DE NOTAIRES, PORT AUTONOME DE BORDEAUX)",SSU
9702,COMPLEMENT D ACTION SOCIALE BRIDGE (CLERCS ET EMPLOYES DE NOTAIRES),
9703,COMPLEMENT D ACTION SOCIALE DENTAIRE (CLERCS ET EMPLOYES DE NOTAIRES),SDO
9704,"COMPLEMENT D ACTION SOCIALE PROTHESES DENTAIRES (CLERCS ET EMPLOYES DE NOTAIRES, PORT AUTONOME DE BORDEAUX)",ASP
9705,COMPLEMENT D ACTION SOCIALE DENTAIRE ALSACE MOSELLE (CLERCS ET EMPLOYES DE NOTAIRES),SSP
9706,COMPLEMENT D ACTION SOCIALE OPTIQUE (CLERCS ET EMPLOYES DE NOTAIRES),SOL
9707,"COMPLEMENT D ACTION SOCIALE OPTIQUE, ENFANT DE MOINS DE 16 ANS (CLERCS ET EMPLOYES DE NOTAIRES)",SOE
9708,"COMPLEMENT D ACTION SOCIALE MONTURES (CLERCS ET EMPLOYES DE NOTAIRES, PORT AUTONOME DE BORDEAUX)",SOM
9709,"COMPLEMENT D ACTION SOCIALE VERRES (CLERCS ET  EMPLOYES DE NOTAIRES, PORT AUTONOME DE BORDEAUX)",SOV
9710,"COMPLEMENT D ACTION SOCIALE LENTILLES (CLERCS ET EMPLOYES DE NOTAIRES, PORT AUTONOME DE BORDEAUX)",
9711,PRIME DE LAYETTE (CLERCS ET  EMPLOYES DE NOTAIRES),LYA/LYB/LYJ/LYT
9712,ALLOCATION VOYAGE DES ENFANTS A LA COLONIE DU PRARIAND (CLERCS ET EMPLOYES DE NOTAIRES),VOY
9713,AIDE AUX SEJOURS DES ENFANTS (CLERCS ET EMPLOYES DE NOTAIRES),COL
9714,ALLOCATION VACANCES (CLERCS ET EMPLOYES DE NOTAIRES),FAM
9715,AIDES FINANCIERES INDIVIDUELLES OPTIQUE,SSO
9716,ACTION SOCIALE DENTAIRE,SSD
9717,ACTION SOCIALE AUDITIF,SSA
9719,AIDES FINANCIERES INDIVIDUELLES HOSPITALISATION,SEJ
9720,AMENAGEMENT PRET,AMG
9721,AIDES FINANCIERES INDIVIDUELLES DIFFICULTES FINANCIERES,DIF
9722,AIDES FINANCIERES INDIVIDUELLES AUTRES,AAF
9723,VACANCES RETRAITES (CLERCS ET EMPLOYES DE NOTAIRES),RET
9724,AIDE A LA SCOLARITE (CRPCEN),SCO
9725,ACCUEIL JEUNE ENFANT (CRPCEN),CES
9726,PRESTATIONS SUPPLÉMENTAIRES OPTIQUES CRPCEN,SOP
9727,PRESTATIONS SUPPLÉMENTAIRES ACOUSTIQUES CRPCEN,SAU
9728,AMELIORATION QUALITE VIE (CRPCEN),AAV
9729,ACCUEIL JEUNE ENFANT - CRPCEN 1,DM1
9730,ACCUEIL JEUNE ENFANT - CRPCEN 2,DM2
9731,COMPLEMENT A L'ACS,AMU
9732,AIDE A L'ACQUISITION D'UNE COUVERTURE COMPLEMENTAIRE POUR LES VICTIMES DU SEUIL ACS,AFI
9733,AIDE AU REPIT D'UN INDEPENDANT ACTIF,ARI
9734,AIDE AUX INDEPENDANTS INVALIDES,AII
9735,AIDE AU MAINTIEN DANS L'ACTIVITE,AMA
9736,APUREMENT PRET,APP
9737,CONSULTATION MEDICO-PRO TI,CMP
9741,AIDES AU LOGEMENT,HLO
9742,AIDE A LA COMMUNICATION HORS AUDITIF,HCO
9743,AIDES A LA DEAMBULATION ET AU TRANSPORT,HAT
9744,AUTRES TYPES D AIDES,HAU
9751,FOURNITURES ET ACCESSOIRES NON REMBOURSABLES,SPL
9752,GARDES MALADES A DOMICILE,HAD
9761,AIDES FINANCIERES INDIVIDUELLES ORTHODONTIE,SOR
9762,AIDES FINANCIERES INDIVIDUELLES PHARMACIE/LPP,SEP
9763,AIDES FINANCIERES A CARACTERE SOCIAL AFFECTEES AU LOGEMENT,DIL
9764,AIDES FINANCIERES A CARACTERE SOCIAL AFFECTEES AUX BESOINS ALIMENTAIRES ET VESTIMENTAIRES,DIB
9765,AIDES FINANCIERES A CARACTERE SOCIAL AFFECTEES AUX FRAIS DE SCOLARISATION,DIS
9766,AIDES FINANCIERES A CARACTERE SOCIAL AFFECTEES AUX REGLEMENTS D'IMPOTS TAXES ET PRIMES,DIT
9767,AIDES FINANCIERES A CARACTERE SOCIAL D'ATTENTE DE VERSEMENT DE REVENUS DE SUBSTITUTION,DIA
9768,AIDES FINANCIERES A CARACTERE SOCIAL AFFECTEES AUX FRAIS D'OBSEQUES,DIO
9769,AIDES FINANCIERES A CARACTERE SOCIAL PALLIANT L'ABSENCE DE REVENUS,DIN
9771,AIDES PROTHESES AUDITIVES,HPA
9772,AIDES MENAGERES,HAI
9773,AIDES MENAGERES SORTIE D'HOSPITALISATION COORDONNEE,ASH
9774,ACTES FOURNITURES SORTIE D'HOSPITALISATION COORDONNEE,PSH
9775,AIDES MENAGERES PROGRAMME D'ACCOMPAGNEMENT APRES INTERVENTION ORTHOPEDIQUE,PAD
9776,ACTES FOURNITURES PROGRAMME D'ACCOMPAGNEMENT APRES INTERVENTION ORTHOPEDIQUE,PFD
9777,PHARMACIE NON REMBOURSABLE SOINS PALLIATIFS,PPL
9778,BILANS DE COMPETENCES ET REORIENTATION PROFESSIONNELLE,BCP
9801,CODES MIS A LA DISPOSITION DE LA SNCF,
9802,CODES MIS A LA DISPOSITION DE LA SNCF,
9803,CODES MIS A LA DISPOSITION DE LA SNCF,
9804,CODES MIS A LA DISPOSITION DE LA SNCF,
9805,CODES MIS A LA DISPOSITION DE LA SNCF,
9806,CODES MIS A LA DISPOSITION DE LA SNCF,
9807,CODES MIS A LA DISPOSITION DE LA SNCF,
9808,CODES MIS A LA DISPOSITION DE LA SNCF,
9809,CODES MIS A LA DISPOSITION DE LA SNCF,
9810,CODES MIS A LA DISPOSITION DE LA SNCF,
9811,CODES MIS A LA DISPOSITION DE LA SNCF,
9812,CODES MIS A LA DISPOSITION DE LA SNCF,
9813,CODES MIS A LA DISPOSITION DE LA SNCF,
9814,CODES MIS A LA DISPOSITION DE LA SNCF,
9815,CODES MIS A LA DISPOSITION DE LA SNCF,
9816,CODES MIS A LA DISPOSITION DE LA SNCF,
9817,CODES MIS A LA DISPOSITION DE LA SNCF,
9818,CODES MIS A LA DISPOSITION DE LA SNCF,
9819,CODES MIS A LA DISPOSITION DE LA SNCF,
9820,CODES MIS A LA DISPOSITION DE LA SNCF,
9821,CODES MIS A LA DISPOSITION DE LA SNCF,
9822,CODES MIS A LA DISPOSITION DE LA SNCF,
9823,CODES MIS A LA DISPOSITION DE LA SNCF,
9824,CODES MIS A LA DISPOSITION DE LA SNCF,
9825,CODES MIS A LA DISPOSITION DE LA SNCF,
9826,CODES MIS A LA DISPOSITION DE LA SNCF,
9827,CODES MIS A LA DISPOSITION DE LA SNCF,
9828,CODES MIS A LA DISPOSITION DE LA SNCF,
9829,CODES MIS A LA DISPOSITION DE LA SNCF,
9830,CODES MIS A LA DISPOSITION DE LA SNCF,
9831,CODES MIS A LA DISPOSITION DE LA SNCF,
9832,CODES MIS A LA DISPOSITION DE LA SNCF,
9833,CODES MIS A LA DISPOSITION DE LA SNCF,
9834,CODES MIS A LA DISPOSITION DE LA SNCF,
9835,CODES MIS A LA DISPOSITION DE LA SNCF,
9836,CODES MIS A LA DISPOSITION DE LA SNCF,
9837,CODES MIS A LA DISPOSITION DE LA SNCF,
9838,CODES MIS A LA DISPOSITION DE LA SNCF,
9839,CODES MIS A LA DISPOSITION DE LA SNCF,
9840,CODES MIS A LA DISPOSITION DE LA SNCF,
9841,CODES MIS A LA DISPOSITION DE LA SNCF,
9842,CODES MIS A LA DISPOSITION DE LA SNCF,
9843,CODES MIS A LA DISPOSITION DE LA SNCF,
9844,CODES MIS A LA DISPOSITION DE LA SNCF,
9845,CODES MIS A LA DISPOSITION DE LA SNCF,
9846,CODES MIS A LA DISPOSITION DE LA SNCF,
9847,CODES MIS A LA DISPOSITION DE LA SNCF,
9848,CODES MIS A LA DISPOSITION DE LA SNCF,
9849,CODES MIS A LA DISPOSITION DE LA SNCF,
9850,CODES MIS A LA DISPOSITION DE LA SNCF,
9851,CODES MIS A LA DISPOSITION DE LA SNCF,
9852,CODES MIS A LA DISPOSITION DE LA SNCF,
9853,CODES MIS A LA DISPOSITION DE LA SNCF,
9854,CODES MIS A LA DISPOSITION DE LA SNCF,
9855,CODES MIS A LA DISPOSITION DE LA SNCF,
9856,CODES MIS A LA DISPOSITION DE LA SNCF,
9857,CODES MIS A LA DISPOSITION DE LA SNCF,
9858,CODES MIS A LA DISPOSITION DE LA SNCF,
9859,CODES MIS A LA DISPOSITION DE LA SNCF,
9860,CODES MIS A LA DISPOSITION DE LA SNCF,
9861,CODES MIS A LA DISPOSITION DE LA SNCF,
9862,CODES MIS A LA DISPOSITION DE LA SNCF,
9863,CODES MIS A LA DISPOSITION DE LA SNCF,
9864,CODES MIS A LA DISPOSITION DE LA SNCF,
9865,CODES MIS A LA DISPOSITION DE LA SNCF,
9866,CODES MIS A LA DISPOSITION DE LA SNCF,
9867,CODES MIS A LA DISPOSITION DE LA SNCF,
9868,CODES MIS A LA DISPOSITION DE LA SNCF,
9869,CODES MIS A LA DISPOSITION DE LA SNCF,
9870,CODES MIS A LA DISPOSITION DE LA SNCF,
9871,CODES MIS A LA DISPOSITION DE LA SNCF,
9872,CODES MIS A LA DISPOSITION DE LA SNCF,
9873,CODES MIS A LA DISPOSITION DE LA SNCF,
9874,CODES MIS A LA DISPOSITION DE LA SNCF,
9875,CODES MIS A LA DISPOSITION DE LA SNCF,
9876,CODES MIS A LA DISPOSITION DE LA SNCF,
9877,CODES MIS A LA DISPOSITION DE LA SNCF,
9878,CODES MIS A LA DISPOSITION DE LA SNCF,
9879,CODES MIS A LA DISPOSITION DE LA SNCF,
9880,CODES MIS A LA DISPOSITION DE LA SNCF,
9881,CODES MIS A LA DISPOSITION DE LA SNCF,
9882,CODES MIS A LA DISPOSITION DE LA SNCF,
9883,CODES MIS A LA DISPOSITION DE LA SNCF,
9884,CODES MIS A LA DISPOSITION DE LA SNCF,
9885,CODES MIS A LA DISPOSITION DE LA SNCF,
9886,CODES MIS A LA DISPOSITION DE LA SNCF,
9887,CODES MIS A LA DISPOSITION DE LA SNCF,
9888,CODES MIS A LA DISPOSITION DE LA SNCF,
9889,CODES MIS A LA DISPOSITION DE LA SNCF,
9890,CODES MIS A LA DISPOSITION DE LA SNCF,
9891,CODES MIS A LA DISPOSITION DE LA SNCF,
9892,CODES MIS A LA DISPOSITION DE LA SNCF,
9893,CODES MIS A LA DISPOSITION DE LA SNCF,
9894,CODES MIS A LA DISPOSITION DE LA SNCF,
9895,CODES MIS A LA DISPOSITION DE LA SNCF,
9896,CODES MIS A LA DISPOSITION DE LA SNCF,
9897,CODES MIS A LA DISPOSITION DE LA SNCF,
9898,CODES MIS A LA DISPOSITION DE LA SNCF,
9899,CODES MIS A LA DISPOSITION DE LA SNCF,
9901,TRANSPORT POUR PERSONNE ACCOMPAGNANTE (MILITAIRES),TRA
9902,AIDE SOCIALE (MILITAIRES),AFA
9911,AIDE MENAGERE,AIM
9912,AIDE MENAGERE FAMILIALE (MILITAIRES),AFM
9999,VALEUR INCONNUE,
